input_query_id,input_source_pdf_path,input_source_doi,input_source_is_review_paper,original_query,used_decomposition,num_subproblems_run,rank,equipment_name,equipment_type,best_relevance_label,max_confidence_score,num_supporting_subproblems,num_supporting_papers,supporting_subproblem_ids,aliases,measurement_outputs,explanations,supporting_papers
antifouling_01,data/interim/pdfs/Recent_Developments_and_Practical_Feasibility_of_Polymer-Based_Antifouling_Coatings.pdf,,True,"I’m screening a new antifouling coating and need to verify whether it actually prevents protein and cell attachment, since the coating is intended to be fouling-resistant rather than biocidal.",True,4,1,contact angle goniometer,surface wettability analyzer,best_match,0.98,1,2,surface_property_linkage,contact angle measurement system | Young's contact angle instrument,contact angle | hydrophobicity/hydrophilicity indicator,"The query asks to characterize wettability as a surface property potentially explaining reduced fouling. The chunks explicitly mention contact angle measurements and Young’s contact angle as a key measure of surface wettability, making this the most directly suitable equipment.","Influence of Wettability Characteristic on Biofouling Resistance of Polytetrafluoroethylene (PTFE) and Polyvinylidene Fluoride (PVDF) Film Embedded on Glass Fiber (10.24191/scl.v19i2.6872) | Bio-Inspired Surfaces for Fouling Resistance, Their Applications, Challenges, and Opportunities (10.54254/2755-2721/2025.24245)"
antifouling_01,data/interim/pdfs/Recent_Developments_and_Practical_Feasibility_of_Polymer-Based_Antifouling_Coatings.pdf,,True,"I’m screening a new antifouling coating and need to verify whether it actually prevents protein and cell attachment, since the coating is intended to be fouling-resistant rather than biocidal.",True,4,2,Quartz crystal microbalance with dissipation monitoring,surface adsorption measurement instrument,best_match,0.98,1,1,protein_adsorption_resistance,QCM-D | quartz crystal microbalance with dissipation (QCM-D),real-time protein adsorption/deposition on the coating | dissipation/viscoelastic response of the adsorbed layer,"This is directly suited to assessing whether a coating suppresses nonspecific protein adsorption because the chunks explicitly say adsorption of proteins was monitored by QCM-D. It provides direct, quantitative evidence of protein adsorption under exposure conditions.",Control of Specific/Nonspecific Protein Adsorption: Functionalization of Polyelectrolyte Multilayer Films as a Potential Coating for Biosensors (10.3390/ma14247629)
antifouling_01,data/interim/pdfs/Recent_Developments_and_Practical_Feasibility_of_Polymer-Based_Antifouling_Coatings.pdf,,True,"I’m screening a new antifouling coating and need to verify whether it actually prevents protein and cell attachment, since the coating is intended to be fouling-resistant rather than biocidal.",True,4,3,flow cytometer,cell analysis instrument,best_match,0.96,1,2,cell_viability_vs_antiadhesion,flow cytometry | flow cytometry analyzer,percentage of marker-positive cells | mean fluorescence intensity | apoptotic cell fraction,"The chunks explicitly report flow cytometry measurements of surface expression and apoptotic cells. For the query, this equipment is directly useful for checking whether reduced cell presence is due to altered cell state/viability rather than true anti-adhesion.","Solitomab, an EpCAM/CD3 bispecific antibody construct (BiTE®), is highly active against primary uterine and ovarian carcinosarcoma cell lines in vitro (10.1186/s13046-015-0241-7) | Lansbermin‐I: A Snake Venom Disintegrin With Selective Cytotoxicity and Anti‐Adhesive Effects Against Glioblastoma Cells (10.1002/ddr.70218)"
antifouling_01,data/interim/pdfs/Recent_Developments_and_Practical_Feasibility_of_Polymer-Based_Antifouling_Coatings.pdf,,True,"I’m screening a new antifouling coating and need to verify whether it actually prevents protein and cell attachment, since the coating is intended to be fouling-resistant rather than biocidal.",True,4,4,environmental scanning electron microscope,microscope,best_match,0.96,1,1,cell_attachment_resistance,ESEM | environmental scanning electron microscope,cell attachment morphology | cell spreading on surface | surface microstructure and cell-surface interaction,Directly supports assessing whether cells attach and spread on a coating surface by imaging cell morphology and surface coverage after exposure.,Micro-porous polyetheretherketone implants decorated with BMP-2 via phosphorylated gelatin coating for enhancing cell adhesion and osteogenic differentiation. (10.1016/j.colsurfb.2018.05.027)
antifouling_01,data/interim/pdfs/Recent_Developments_and_Practical_Feasibility_of_Polymer-Based_Antifouling_Coatings.pdf,,True,"I’m screening a new antifouling coating and need to verify whether it actually prevents protein and cell attachment, since the coating is intended to be fouling-resistant rather than biocidal.",True,4,5,chromium-51 release assay system,cytotoxicity assay system,best_match,0.94,1,1,cell_viability_vs_antiadhesion,51Cr release assay | standard 4-h chromium release assay,target-cell lysis | percent killing | cytotoxicity level,"The query asks whether fewer cells reflect anti-adhesion or unintended cytotoxic/biocidal effects. A 51Cr release assay directly measures cytotoxicity, making it highly relevant for distinguishing killing from mere loss of adhesion.","Solitomab, an EpCAM/CD3 bispecific antibody construct (BiTE®), is highly active against primary uterine and ovarian carcinosarcoma cell lines in vitro (10.1186/s13046-015-0241-7)"
antifouling_01,data/interim/pdfs/Recent_Developments_and_Practical_Feasibility_of_Polymer-Based_Antifouling_Coatings.pdf,,True,"I’m screening a new antifouling coating and need to verify whether it actually prevents protein and cell attachment, since the coating is intended to be fouling-resistant rather than biocidal.",True,4,6,immunofluorescence microscope,microscope,best_match,0.87,1,1,cell_attachment_resistance,immunofluorescence,cell attachment | cell distribution on surface | cell morphology/coverage,Explicitly used in the chunks to evaluate cell attachment and therefore relevant for determining whether cells adhere to the coating surface after exposure.,Extracellular Matrix Protein Coating of Processed Fish Scales Improves Human Corneal Endothelial Cell Adhesion and Proliferation (10.1167/tvst.8.3.27)
antifouling_01,data/interim/pdfs/Recent_Developments_and_Practical_Feasibility_of_Polymer-Based_Antifouling_Coatings.pdf,,True,"I’m screening a new antifouling coating and need to verify whether it actually prevents protein and cell attachment, since the coating is intended to be fouling-resistant rather than biocidal.",True,4,7,surface profiler,surface topography analyzer,acceptable_alternative,0.83,1,1,surface_property_linkage,profilometer | topography measurement system,surface roughness | height profile | texture spacing,"The query includes topography as a surface property relevant to reduced fouling. The chunks explicitly discuss micron/nanometer roughness, surface texture, and ridge-like topographies. A profiler is a practical physical instrument for quantifying such topography, although the chunks do not name a specific profiler.","Bio-Inspired Surfaces for Fouling Resistance, Their Applications, Challenges, and Opportunities (10.54254/2755-2721/2025.24245)"
antifouling_01,data/interim/pdfs/Recent_Developments_and_Practical_Feasibility_of_Polymer-Based_Antifouling_Coatings.pdf,,True,"I’m screening a new antifouling coating and need to verify whether it actually prevents protein and cell attachment, since the coating is intended to be fouling-resistant rather than biocidal.",True,4,8,epifluorescence or fluorescence microscope,imaging instrument,acceptable_alternative,0.31,1,2,cell_viability_vs_antiadhesion,microscope | imaging microscope,cell attachment patterns | cell morphology | confluency/detachment,"Not explicitly named in the provided chunks, so evidence is weaker than for flow cytometry or cytotoxicity assays. Still, an imaging microscope is a common physical instrument for visually distinguishing adherent cells from cell death-related loss, but the chunks do not explicitly document its use here.",Lansbermin‐I: A Snake Venom Disintegrin With Selective Cytotoxicity and Anti‐Adhesive Effects Against Glioblastoma Cells (10.1002/ddr.70218) | Daphnetin: A Novel Anti-Helicobacter pylori Agent (10.3390/ijms20040850)
antifouling_01,data/interim/pdfs/Recent_Developments_and_Practical_Feasibility_of_Polymer-Based_Antifouling_Coatings.pdf,,True,"I’m screening a new antifouling coating and need to verify whether it actually prevents protein and cell attachment, since the coating is intended to be fouling-resistant rather than biocidal.",True,4,9,Atomic force microscope,surface imaging/characterization instrument,supporting_but_not_ideal,0.83,1,2,protein_adsorption_resistance,AFM | atomic force microscopy,surface topography/images | coating morphology,"AFM was explicitly used for imaging the coated surfaces, but it does not directly measure nonspecific protein adsorption as clearly as QCM-D. It is supportive evidence for surface characterization rather than the primary tool for answering the adsorption question.",Control of Specific/Nonspecific Protein Adsorption: Functionalization of Polyelectrolyte Multilayer Films as a Potential Coating for Biosensors (10.3390/ma14247629) | A biomimetic alternative to poly(ethylene glycol) as an antifouling coating: resistance to nonspecific protein adsorption of poly(L-lysine)-graft-dextran. (10.1021/la800947z)
PET_packaging_barrier,data/interim/pdfs/Recommendations_for_replacing_PET_on_packaging__fiber__and_film_materials_with_biobased_counterparts.pdf,,True,"We need to evaluate a biobased PET replacement for bottle and film packaging, but the candidate has poor gas barrier performance and also shows haze/discoloration concerns. What physical equipment should we use to measure whether it can actually replace PET in transparent packaging?",True,4,1,uniaxial tensile testing system,mechanical testing instrument,best_match,0.98,1,2,mechanical_packaging_suitability,uniaxial tensile test | tensile test | mechanical testing methods,tensile strength | elongation at break | stress-strain behavior | modulus,"The query asks whether a candidate has the mechanical properties needed for bottle and film packaging alongside PET. A uniaxial tensile testing system directly measures mechanical properties relevant to packaging performance, including strength and elongation, and is therefore the clearest match.",A Comparative Study on Crystallisation for Virgin and Recycled Polyethylene Terephthalate (PET): Multiscale Effects on Physico-Mechanical Properties (10.3390/polym15234613) | Utilization of Multilayered Polyethylene Terephthalate (PET)-Based Film Packaging Waste Using Reactive Compatibilizers and Impact Modifier (10.3390/su152014986)
PET_packaging_barrier,data/interim/pdfs/Recommendations_for_replacing_PET_on_packaging__fiber__and_film_materials_with_biobased_counterparts.pdf,,True,"We need to evaluate a biobased PET replacement for bottle and film packaging, but the candidate has poor gas barrier performance and also shows haze/discoloration concerns. What physical equipment should we use to measure whether it can actually replace PET in transparent packaging?",True,4,2,gas permeability / oxygen transmission rate measurement setup,gas barrier tester,best_match,0.97,1,4,gas_barrier_performance,gas barrier measurements | oxygen transmission rate (OTR) setup | oxygen permeability measurement system,oxygen transmission rate (OTR) | oxygen/gas permeability coefficients | carbon dioxide permeability,"The query asks whether a biobased PET replacement meets gas barrier requirements for bottle and film packaging. Direct gas barrier testing is the core measurement needed, and the chunks explicitly report gas permeability, oxygen permeability, and oxygen transmission rate measurements on candidate biobased polyester films.","Relationship Between Crystallization, Mechanical and Gas Barrier Properties of Poly(ethylene furanoate) (PEF) in Multinanolayered PLA-PEF and PET-PEF Films (10.25518/ESAFORM21.1589) | Synthesis of Biobased Soft-Packaging Polyesters from 2,5 Thiophenedicarboxylic Acid (10.1007/s10924-022-02373-w) | Poly(butylene 2,5-thiophenedicarboxylate): An Added Value to the Class of High Gas Barrier Biopolyesters (10.3390/polym10020167) | The Effect of Moisture on Cellulose Nanocrystals Intended as a High Gas Barrier Coating on Flexible Packaging Materials (10.3390/polym9090415)"
PET_packaging_barrier,data/interim/pdfs/Recommendations_for_replacing_PET_on_packaging__fiber__and_film_materials_with_biobased_counterparts.pdf,,True,"We need to evaluate a biobased PET replacement for bottle and film packaging, but the candidate has poor gas barrier performance and also shows haze/discoloration concerns. What physical equipment should we use to measure whether it can actually replace PET in transparent packaging?",True,4,3,Dynamic Mechanical Analysis instrument,mechanical characterization instrument,acceptable_alternative,0.89,1,2,mechanical_packaging_suitability,DMA | Dynamic Mechanical Analysis,storage modulus | loss modulus | tan delta | temperature-dependent viscoelastic behavior,"DMA is relevant for evaluating mechanical behavior of PET and PET-based packaging materials, but it is less direct than tensile testing for determining basic packaging suitability.",A Comparative Study on Crystallisation for Virgin and Recycled Polyethylene Terephthalate (PET): Multiscale Effects on Physico-Mechanical Properties (10.3390/polym15234613) | Utilization of Multilayered Polyethylene Terephthalate (PET)-Based Film Packaging Waste Using Reactive Compatibilizers and Impact Modifier (10.3390/su152014986)
PET_packaging_barrier,data/interim/pdfs/Recommendations_for_replacing_PET_on_packaging__fiber__and_film_materials_with_biobased_counterparts.pdf,,True,"We need to evaluate a biobased PET replacement for bottle and film packaging, but the candidate has poor gas barrier performance and also shows haze/discoloration concerns. What physical equipment should we use to measure whether it can actually replace PET in transparent packaging?",True,4,4,Injection molding machine,polymer processing equipment,supporting_but_not_ideal,0.74,1,1,mechanical_packaging_suitability,injection molding | injection molded samples,molded test specimens,"Injection molding appears in the film-waste PET study as a processing method, but it does not itself answer whether the material has the needed mechanical properties. It is supportive for sample preparation rather than a direct measurement tool.",Utilization of Multilayered Polyethylene Terephthalate (PET)-Based Film Packaging Waste Using Reactive Compatibilizers and Impact Modifier (10.3390/su152014986)
summit-noci-001,data/interim/pdfs/Reduced_Common_Molecular_Orbital_Basis_for_Nonorthogonal_Configuration_Interaction.pdf,10.1021/acs.jctc.9b01144,False,Which physical computing system did the authors use to run the GronOR nonorthogonal configuration interaction matrix-element calculations?,False,1,1,Summit supercomputer,supercomputer,best_match,0.98,1,2,original_query,200 PF Summit supercomputer | Oak Ridge Leadership Computing Facility Summit,matrix-element calculations | nonorthogonal configuration interaction results,"The chunks explicitly state that GronOR was developed and run on Summit, identifying the physical computing system used for the calculations. This directly answers the query.",GronOR: Scalable and Accelerated Nonorthogonal Configuration Interaction for Molecular Fragment Wave Functions. (10.1021/acs.jctc.2c00266) | GronOR Nonorthogonal Configuration Interaction Calculations at Exascale (10.1016/BS.ARCC.2018.06.003)
sr3fe2o7_neutron_diffraction_setup,data/interim/pdfs/Reentrant_multiple-q_magnetic_order_and_a__spin_meta-cholesteric__phase_in_Sr3Fe2O7.pdf,10.1038/s41535-024-00698-4,False,I need to determine magnetic Bragg reflections and reciprocal-space maps for a single-crystal magnetic material after field cooling. What physical instrument/setup was used for the diffraction measurement?,False,1,1,polarised neutron diffractometer D3,neutron diffractometer,best_match,0.97,1,1,original_query,D3,magnetic Bragg reflections | flipping ratios | reciprocal-space-accessible reflection intensities,This is the clearest physical setup explicitly described for measuring magnetic Bragg reflections after field cooling. The chunk states that the single crystal was mounted on the polarized neutron diffractometer D3 and that magnetic reflections were measured there after cooling in a magnetic field.,Polarization dependence of magnetic Bragg scattering in YMn2O5 (10.1088/0953-8984/25/23/236004)
fmi_system,data/interim/pdfs/Reflect__reporting_guidelines_for_preclinical__translational_and_clinical_fluorescence_molecular_imaging_studies.pdf,,True,"I need to compare fluorescence molecular imaging platforms for surgery and interventions, including the hardware and acquisition settings I should report.",True,4,1,fluorescence molecular imaging systems,fluorescence imaging platform,best_match,0.98,1,3,platform_hardware_comparison,FMI systems | fluorescence imaging systems | fluorescence molecular imaging platforms,"fluorescence images | performance metrics such as sensitivity, SNR, and contrast","This is the central equipment category in the query. The chunks explicitly discuss comparing and standardizing FMI systems, their device design, and performance assessment across different imaging system architectures.","Multiparametric standards for performance assessment and quality control of fluorescence molecular imaging and endoscopy systems (10.1117/12.3041715) | Reflect: reporting guidelines for preclinical, translational and clinical fluorescence molecular imaging studies (10.1038/s44303-025-00125-8) | Impact of signal-to-noise ratio and contrast definition on the sensitivity assessment and benchmarking of fluorescence molecular imaging systems (10.1117/1.JBO.30.S1.S13703)"
fmi_system,data/interim/pdfs/Reflect__reporting_guidelines_for_preclinical__translational_and_clinical_fluorescence_molecular_imaging_studies.pdf,,True,"I need to compare fluorescence molecular imaging platforms for surgery and interventions, including the hardware and acquisition settings I should report.",True,4,2,fluorescence imaging system,imaging system,best_match,0.98,1,3,contrast_agent_and_signal_considerations,fluorescence molecular imaging system | optical fluorescence imaging system | intraoperative fluorescence imaging system,fluorescence intensity | target-background ratio | spectral response | spatial resolution | penetration depth | dynamic range,"The query is about how contrast-agent choice and signal properties affect comparison across platforms in surgical and interventional imaging. The chunks explicitly discuss comparing different fluorescence imaging systems, their calibration, and how system characteristics should be reported relative to fluorophore excitation/emission properties, making this the central relevant equipment.","Reflect: reporting guidelines for preclinical, translational and clinical fluorescence molecular imaging studies (10.1038/s44303-025-00125-8) | Intraoperative Resection Guidance with Photoacoustic and Fluorescence Molecular Imaging Using an Anti-B7-H3 Antibody-Indocyanine Green Dual Contrast Agent (10.1158/1078-0432.CCR-18-0417) | Enhancing precision in colorectal cancer surgery: development of an LGR5-targeting RSPO1 peptide mimetic as a contrast agent for intraoperative fluorescence molecular imaging (10.1080/15384101.2024.2364578)"
fmi_system,data/interim/pdfs/Reflect__reporting_guidelines_for_preclinical__translational_and_clinical_fluorescence_molecular_imaging_studies.pdf,,True,"I need to compare fluorescence molecular imaging platforms for surgery and interventions, including the hardware and acquisition settings I should report.",True,4,3,near-infrared fluorescence imaging system,optical imaging system,best_match,0.98,1,1,workflow_and_use_case_fit,fluorescence imaging system | NIR fluorescence imaging system | fluorescence imaging platform,fluorescence signal intensity | tumor-to-background ratio | nerve-to-background ratio | nerve-to-tumor ratio | quantitative fluorescence readouts,"The query asks how surgical or interventional workflow constrains the choice and reporting of fluorescence imaging platforms. The chunks explicitly state that a compatible fluorescence imaging system must be selected based on the probe and clinical requirements, and that imaging systems and settings must be reported to enable comparability.",Standardizing clinical trials in near-infrared fluorescence imaging: a workflow and regulatory framework proposal (10.1038/s44303-026-00139-w)
fmi_system,data/interim/pdfs/Reflect__reporting_guidelines_for_preclinical__translational_and_clinical_fluorescence_molecular_imaging_studies.pdf,,True,"I need to compare fluorescence molecular imaging platforms for surgery and interventions, including the hardware and acquisition settings I should report.",True,4,4,fluorescence microscope,fluorescence imaging microscope,best_match,0.96,1,3,acquisition_settings_reporting,confocal fluorescence microscope | three-dimensional fluorescence microscopy | widefield fluorescence imaging system,fluorescence images | generalized polarization (GP) values | lifetime maps | 3D fluorescence images,"This is the central physical platform for fluorescence imaging acquisition in the provided chunks. The query asks which fluorescence imaging acquisition settings should be reported when comparing platforms for surgery and interventions, and the chunks explicitly discuss fluorescence microscopy, confocal microscopy, and platform comparison against microscope data.","Laurdan in live cell imaging: Effect of acquisition settings, cell culture conditions and data analysis on generalized polarization measurements. (10.1016/j.jphotobiol.2022.112404) | In vivo whole-brain imaging of zebrafish larvae using three-dimensional fluorescence microscopy. (10.3791/65218) | Fluorescence Imaging System Using a Repurposed Smartphone With Automated Signal Detection and Quantification (10.1002/ppsc.202500221)"
fmi_system,data/interim/pdfs/Reflect__reporting_guidelines_for_preclinical__translational_and_clinical_fluorescence_molecular_imaging_studies.pdf,,True,"I need to compare fluorescence molecular imaging platforms for surgery and interventions, including the hardware and acquisition settings I should report.",True,4,5,fluorescence molecular endoscopy system,endoscopic fluorescence imaging system,best_match,0.94,1,1,platform_hardware_comparison,FME system | fiberscope-based FME system | endoscopy system,fluorescence images | quality control / performance assessment metrics,"The query asks about platform architectures used in surgery and interventional procedures. The chunks explicitly mention FME as a distinct system category and note a fiberscope-based FME system, making it highly relevant for comparing hardware architecture with FMI systems.",Multiparametric standards for performance assessment and quality control of fluorescence molecular imaging and endoscopy systems (10.1117/12.3041715)
fmi_system,data/interim/pdfs/Reflect__reporting_guidelines_for_preclinical__translational_and_clinical_fluorescence_molecular_imaging_studies.pdf,,True,"I need to compare fluorescence molecular imaging platforms for surgery and interventions, including the hardware and acquisition settings I should report.",True,4,6,confocal fluorescence microscope,confocal fluorescence microscope,best_match,0.92,1,3,acquisition_settings_reporting,confocal microscopy | one-photon confocal imaging,optical sectioned fluorescence images | 3D fluorescence images | real-time fluorescence lifetime maps,"The query is about comparing fluorescence imaging platforms in surgical/interventional contexts, and confocal fluorescence microscopy is explicitly cited as a clinical-compatible modality and as a validated imaging system in the chunks.",Real‐time fiber‐based fluorescence lifetime imaging with synchronous external illumination: A new path for clinical translation (10.1002/jbio.201960119) | In vivo whole-brain imaging of zebrafish larvae using three-dimensional fluorescence microscopy. (10.3791/65218) | The TriScan: fast and sensitive 3D confocal fluorescence imaging using a simple optical design (10.1101/2023.04.11.536163)
fmi_system,data/interim/pdfs/Reflect__reporting_guidelines_for_preclinical__translational_and_clinical_fluorescence_molecular_imaging_studies.pdf,,True,"I need to compare fluorescence molecular imaging platforms for surgery and interventions, including the hardware and acquisition settings I should report.",True,4,7,mobile phone-based near-infrared fluorescence imaging system,portable fluorescence imaging system,acceptable_alternative,0.89,1,1,platform_hardware_comparison,Mob | mobile phone-based NIRF imaging system,near-infrared fluorescence detection | SNR and contrast-related imaging performance,"This is an explicitly described hardware architecture within FMI systems. It is relevant as an example of a compact platform whose components affect performance, though it is a specific implementation rather than the broad comparison target.",Impact of signal-to-noise ratio and contrast definition on the sensitivity assessment and benchmarking of fluorescence molecular imaging systems (10.1117/1.JBO.30.S1.S13703)
fmi_system,data/interim/pdfs/Reflect__reporting_guidelines_for_preclinical__translational_and_clinical_fluorescence_molecular_imaging_studies.pdf,,True,"I need to compare fluorescence molecular imaging platforms for surgery and interventions, including the hardware and acquisition settings I should report.",True,4,8,fiber-based fluorescence lifetime imaging system,fluorescence lifetime imaging system,acceptable_alternative,0.89,1,1,acquisition_settings_reporting,fiber-based fluorescence lifetime imaging | fluorescence lifetime imaging with synchronous external illumination,fluorescence lifetime measurements | lifetime maps | real-time fluorescence signal,"This is a specialized fluorescence imaging platform explicitly aimed at clinical translation and surgical guidance, so its acquisition settings are relevant for reporting. However, it is more specific to lifetime imaging than to general fluorescence platform comparison.",Real‐time fiber‐based fluorescence lifetime imaging with synchronous external illumination: A new path for clinical translation (10.1002/jbio.201960119)
fmi_system,data/interim/pdfs/Reflect__reporting_guidelines_for_preclinical__translational_and_clinical_fluorescence_molecular_imaging_studies.pdf,,True,"I need to compare fluorescence molecular imaging platforms for surgery and interventions, including the hardware and acquisition settings I should report.",True,4,9,smartphone-based fluorescence imaging system,portable fluorescence imaging system,acceptable_alternative,0.84,1,1,acquisition_settings_reporting,repurposed smartphone | smartphone fluorescence detection platform,fluorescence images | quantitative intensity measurements | signal detection,"The chunks explicitly describe a fluorescence acquisition platform and compare it with microscope data. It is relevant as an alternative platform for comparison, though it is less directly tied to surgical/interventional deployment than the clinical imaging systems above.",Fluorescence Imaging System Using a Repurposed Smartphone With Automated Signal Detection and Quantification (10.1002/ppsc.202500221)
fmi_system,data/interim/pdfs/Reflect__reporting_guidelines_for_preclinical__translational_and_clinical_fluorescence_molecular_imaging_studies.pdf,,True,"I need to compare fluorescence molecular imaging platforms for surgery and interventions, including the hardware and acquisition settings I should report.",True,4,10,high-resolution fluorescence camera,camera-based imaging system,acceptable_alternative,0.83,1,2,workflow_and_use_case_fit,specialized high-resolution cameras | camera | fluorescence camera,fluorescence images | signal quantification | camera sensitivity-dependent readouts,"The chunks describe specialized high-resolution cameras as part of NIR fluorescence imaging. This is relevant because camera sensitivity and settings affect signal quantification and cross-study comparability, but it is a component of the broader imaging platform rather than a standalone solution to workflow constraints.","Near-Infrared Fluorescence Imaging in General Surgery: Applications in Vascularization, Tumor Margin Detection, and Biliary Anatomy (10.7759/cureus.92194) | Standardizing clinical trials in near-infrared fluorescence imaging: a workflow and regulatory framework proposal (10.1038/s44303-026-00139-w)"
fmi_system,data/interim/pdfs/Reflect__reporting_guidelines_for_preclinical__translational_and_clinical_fluorescence_molecular_imaging_studies.pdf,,True,"I need to compare fluorescence molecular imaging platforms for surgery and interventions, including the hardware and acquisition settings I should report.",True,4,11,spectroscopic photoacoustic imaging system,imaging system,supporting_but_not_ideal,0.78,1,1,contrast_agent_and_signal_considerations,sPA imaging system | photoacoustic imaging system,photoacoustic signal | co-registered intraoperative imaging contrast | diagnostic accuracy,"This system appears in a study comparing fluorescence and photoacoustic readouts of a dual contrast agent. It is relevant as a comparison platform, but the query focuses on fluorescence molecular contrast agents and fluorescence signal properties, so it is secondary to the fluorescence imaging system.",Intraoperative Resection Guidance with Photoacoustic and Fluorescence Molecular Imaging Using an Anti-B7-H3 Antibody-Indocyanine Green Dual Contrast Agent (10.1158/1078-0432.CCR-18-0417)
fmi_system,data/interim/pdfs/Reflect__reporting_guidelines_for_preclinical__translational_and_clinical_fluorescence_molecular_imaging_studies.pdf,,True,"I need to compare fluorescence molecular imaging platforms for surgery and interventions, including the hardware and acquisition settings I should report.",True,4,12,SPY-Q fluorescence quantification system,fluorescence quantification system,supporting_but_not_ideal,0.69,1,1,workflow_and_use_case_fit,SPY-Q,fluorescence intensity scale | video-sequence fluorescence quantification,"This system is mentioned as a comparator for quantification in fluorescence-guided surgery. It supports reporting/analysis rather than selecting the surgical imaging platform itself, so it is related but not the best direct match to the query.",Validation of a semi-quantitative scoring system and workflow for analysis of fluorescence quantification in companion animals (10.3389/fvets.2024.1392504)
fmi_system,data/interim/pdfs/Reflect__reporting_guidelines_for_preclinical__translational_and_clinical_fluorescence_molecular_imaging_studies.pdf,,True,"I need to compare fluorescence molecular imaging platforms for surgery and interventions, including the hardware and acquisition settings I should report.",True,4,13,VITOM II ICG,fluorescence imaging system,supporting_but_not_ideal,0.57,1,1,workflow_and_use_case_fit,VITOM II ICG,fluorescence imaging | qualitative intraoperative visualization,"The chunks mention it as an example of a system that lacks built-in quantification. It is relevant to reporting constraints, but the evidence is secondary and it is not described as the main platform choice criteria for the workflow.",Validation of a semi-quantitative scoring system and workflow for analysis of fluorescence quantification in companion animals (10.3389/fvets.2024.1392504)
fmi_system,data/interim/pdfs/Reflect__reporting_guidelines_for_preclinical__translational_and_clinical_fluorescence_molecular_imaging_studies.pdf,,True,"I need to compare fluorescence molecular imaging platforms for surgery and interventions, including the hardware and acquisition settings I should report.",True,4,14,endoscope,endoscopic imaging platform,supporting_but_not_ideal,0.55,1,1,acquisition_settings_reporting,endoscopic modality | clinical endoscopic modality,endoscopic images,"The chunks mention endoscopic modalities in the context of clinical integration of fluorescence methods, but they do not explicitly describe fluorescence endoscopy acquisition settings or a specific fluorescence endoscope platform.",Real‐time fiber‐based fluorescence lifetime imaging with synchronous external illumination: A new path for clinical translation (10.1002/jbio.201960119)
dnaJB8-hsp70-fp,data/interim/pdfs/Regulatory_inter-domain_interactions_influence_Hsp70_recruitment_to_the_DnaJB8_chaperone.pdf,10.1038/s41467-021-21147-x,False,"A protein biophysics lab wants to test whether a DnaJB8 J-domain construct directly binds Hsp70 and whether the CTD competes with that interaction, using the same physical assay setup as the paper.",False,1,1,fluorescence polarization assay setup,fluorescence-based binding instrument/setup,best_match,0.99,1,1,original_query,FP binding assay | fluorescence polarization (FP) | fluorescence polarization plate-based binding assay,polarization values (mP) | binding curves / apparent binding affinity | competition-induced shifts or delays in binding,This is the exact assay used in the paper to measure JD–HspA1A binding and CTD competition using FITC-labeled JD. It directly answers both whether the J-domain construct binds Hsp70 and whether CTD competes with that interaction.,Regulatory inter-domain interactions influence Hsp70 recruitment to the DnaJB8 chaperone (10.1038/s41462-021-21147-x)
osc_morphology_giwaxs,data/interim/pdfs/15_34__efficiency_all-small-molecule_organic_solar_cells_with_an_improved_fill_factor_enabled_by_a_fullerene_additive.pdf,10.1039/d0ee00714e,False,I need to verify whether adding a fullerene additive has changed the active-layer packing and phase segregation in an organic solar-cell blend. What physical instrument should I use?,True,2,1,grazing-incidence wide-angle X-ray scattering,X-ray scattering / structural characterization instrument,best_match,0.98,1,1,packing_order_change,GIWAXS,crystalline packing structure | molecular orientation | ordering / crystallinity signatures,"This is the clearest directly relevant physical instrument for determining whether an additive has changed molecular packing, ordering, or crystallinity in the active layer. The chunk explicitly states that crystalline packing structure is revealed using GIWAXS.",Uncovering the Crystalline Packing Advantages of Asymmetric Y‐Series Acceptors for Efficient Additive‐Insensitive and Intrinsically Stable Organic Solar Cells (10.1002/aenm.202303785)
osc_morphology_giwaxs,data/interim/pdfs/15_34__efficiency_all-small-molecule_organic_solar_cells_with_an_improved_fill_factor_enabled_by_a_fullerene_additive.pdf,10.1039/d0ee00714e,False,I need to verify whether adding a fullerene additive has changed the active-layer packing and phase segregation in an organic solar-cell blend. What physical instrument should I use?,True,2,2,atomic force microscope,imaging microscope,best_match,0.98,1,1,phase_segregation_morphology,AFM,topography images | nanoscale morphology | phase segregation features,"Explicitly mentioned as providing topography images that reveal nanoscale phase segregation and fibrillar morphology in the active layer, which directly addresses the query about morphology changes caused by the fullerene additive.",Additive assisted morphological optimization of photoactive layer in polymer solar cells (10.1016/J.SOLMAT.2018.03.031)
osc_morphology_giwaxs,data/interim/pdfs/15_34__efficiency_all-small-molecule_organic_solar_cells_with_an_improved_fill_factor_enabled_by_a_fullerene_additive.pdf,10.1039/d0ee00714e,False,I need to verify whether adding a fullerene additive has changed the active-layer packing and phase segregation in an organic solar-cell blend. What physical instrument should I use?,True,2,3,grazing-incidence small/wide-angle X-ray scattering system,X-ray scattering instrument,best_match,0.95,1,1,phase_segregation_morphology,GISAXS | GIWAXS | grazing-incidence small/wide-angle X-ray scattering,phase segregation kinetics | nanoscale/mesoscale structural ordering | spinodal decomposition behavior,The chunk states that combined grazing-incidence small/wide-angle X-ray scattering was used to reveal phase segregation kinetics during spin-casting of fullerene-based polymer solar-cell films. This is directly relevant to determining whether an additive changes phase segregation and morphology.,Modulating phase segregation during spin-casting of fullerene-based polymer solar-cell thin films upon minor addition of a high-boiling co-solvent (10.1107/S1600576724010082)
osc_morphology_giwaxs,data/interim/pdfs/15_34__efficiency_all-small-molecule_organic_solar_cells_with_an_improved_fill_factor_enabled_by_a_fullerene_additive.pdf,10.1039/d0ee00714e,False,I need to verify whether adding a fullerene additive has changed the active-layer packing and phase segregation in an organic solar-cell blend. What physical instrument should I use?,True,2,4,optical interferometer,optical measurement system,supporting_but_not_ideal,0.79,1,1,phase_segregation_morphology,optical interferometry setup,solvent evaporation rate | film solidification dynamics | coating kinetics,"Explicitly mentioned in the same study, but it supports interpretation of phase-segregation kinetics rather than directly imaging domain purity or nanoscale morphology.",Modulating phase segregation during spin-casting of fullerene-based polymer solar-cell thin films upon minor addition of a high-boiling co-solvent (10.1107/S1600576724010082)
osc_morphology_giwaxs,data/interim/pdfs/15_34__efficiency_all-small-molecule_organic_solar_cells_with_an_improved_fill_factor_enabled_by_a_fullerene_additive.pdf,10.1039/d0ee00714e,False,I need to verify whether adding a fullerene additive has changed the active-layer packing and phase segregation in an organic solar-cell blend. What physical instrument should I use?,True,2,5,electric noise spectroscopy system,electrical characterization instrument,supporting_but_not_ideal,0.74,1,1,phase_segregation_morphology,noise spectroscopy setup,charge carrier lifetime | mobility | recombination kinetics | indirect phase segregation indicators,"Mentioned as probing charge carrier transport, recombination, and donor-acceptor phase segregation indirectly. It is relevant to assessing effects of additive-induced morphology changes, but it does not directly visualize nanoscale morphology or domain purity.",Probing Temperature-Dependent Recombination Kinetics in Polymer:Fullerene Solar Cells by Electric Noise Spectroscopy (10.3390/EN10101490)
afm-grease-microstructure,data/interim/pdfs/A_Coarse_Grained_Molecular_Dynamics_Model_for_the_Simulation_of_Lubricating_Greases.pdf,10.1007/s11249-024-01878-w,False,I need to image the fresh lithium grease microstructure at the nanoscale so I can confirm the fibrous thickener network before doing rheology tests.,False,1,1,scanning electron microscope,electron microscope,best_match,0.96,1,1,original_query,SEM,microstructure images | morphology | surface/topography details,The chunks explicitly mention scanning electron microscopy for characterizing morphology and microstructure. This is the clearest specialized physical instrument relevant to nanoscale imaging of grease structure before rheology testing.,TiO2 and CeO2 nanoparticles as lithium complex grease additives for enhanced lubricity (10.1108/ilt-09-2023-0291)
afm-grease-microstructure,data/interim/pdfs/A_Coarse_Grained_Molecular_Dynamics_Model_for_the_Simulation_of_Lubricating_Greases.pdf,10.1007/s11249-024-01878-w,False,I need to image the fresh lithium grease microstructure at the nanoscale so I can confirm the fibrous thickener network before doing rheology tests.,False,1,2,X-ray diffractometer,X-ray diffraction instrument,supporting_but_not_ideal,0.74,1,1,original_query,XRD,diffraction patterns | crystalline phase identification,"Explicitly mentioned, but it does not directly image grease microstructure or confirm fibrous network morphology. It is supportive for material characterization, not the best match for the user's imaging goal.",TiO2 and CeO2 nanoparticles as lithium complex grease additives for enhanced lubricity (10.1108/ilt-09-2023-0291)
pef_barrier_measurement,data/interim/pdfs/A_Perspective_on_PEF_Synthesis__Properties__and_End-Life.pdf,,True,"I need to compare a new PEF film against PET because the packaging team says oxygen and CO2 barrier performance is the key differentiator, but we need direct measurements to confirm it.",False,1,1,gas permeability / gas barrier measurement system,barrier testing instrument,best_match,0.97,1,3,original_query,permeation tester | gas transmission tester | oxygen permeability analyzer | carbon dioxide permeability analyzer,oxygen permeability | carbon dioxide permeability | gas transmission rate | permeability coefficient,"The query asks for direct measurements of oxygen and CO2 barrier performance between PEF and PET. The chunks explicitly discuss experimental assessment of permeation performance and gas barrier properties for oxygen and carbon dioxide in PEF/PET-related films, which is exactly what a permeability/barrier tester provides.","Gas barrier properties of furan-based polyester films analyzed experimentally and by molecular simulations (10.1016/j.polymer.2021.124200) | Terminal Modification of Poly(Ethylene Furanoate) With Polycyclic Aromatic Hydrocarbons (PAHs): Leveraging π–π Interactions and Plasticization for Properties Enhancement (10.1002/pen.70059) | Highly Tough, Barrier, and Biodegradable Copolyesters Synthesized from Furandicarboxylic Acid. (10.1021/acs.biomac.5c02108)"
acoustic_particles_diagnostic,data/interim/pdfs/A_concise_review_of_microfluidic_particle_manipulation_methods.pdf,,True,"My sample contains fragile cells and I want a non-contact way to separate, wash, or pattern them in a microfluidic channel without relying on labels or physical contact. What equipment should I use?",False,1,1,dielectrophoresis microfluidic separation system,microfluidic cell manipulation system,best_match,0.98,1,1,original_query,DEP microfluidic device | dielectrophoresis electrodes in microfluidics | PCB-based DEP device,cell separation | cell manipulation trajectories | sorting outcome,"The chunks explicitly describe dielectrophoresis as a non-contact method for cell manipulation and separation in multichannel microfluidic devices, which directly matches the need to separate or pattern fragile cells without labels or physical contact.",Separating Beads and Cells in Multi-channel Microfluidic Devices Using Dielectrophoresis and Laminar Flow (10.3791/2545)
acoustic_particles_diagnostic,data/interim/pdfs/A_concise_review_of_microfluidic_particle_manipulation_methods.pdf,,True,"My sample contains fragile cells and I want a non-contact way to separate, wash, or pattern them in a microfluidic channel without relying on labels or physical contact. What equipment should I use?",False,1,2,optoelectronic tweezers micro-well sorting system,microfluidic optical manipulation system,best_match,0.96,1,1,original_query,OET micro-well system | optoelectronic tweezers | light-guided single-cell sorting platform,single-cell trapping | sorting accuracy | cell retrieval | cell release,"The chunk explicitly states that the platform uses optoelectronic tweezers for non-contact sorting of cells and can trap, segregate, and selectively release cells, making it directly relevant to fragile-cell handling in microfluidics.","Optoelectronic Tweezers Micro-Well System for Highly Efficient Single-Cell Trapping, Dynamic Sorting, and Retrieval. (10.1002/smll.202307329)"
acoustic_particles_diagnostic,data/interim/pdfs/A_concise_review_of_microfluidic_particle_manipulation_methods.pdf,,True,"My sample contains fragile cells and I want a non-contact way to separate, wash, or pattern them in a microfluidic channel without relying on labels or physical contact. What equipment should I use?",False,1,3,laser-induced jetting microfluidic platform,laser-assisted microfluidic sorting system,acceptable_alternative,0.91,1,1,original_query,LIJet platform | laser-induced jetting system | 532 nm nanosecond pulsed laser microfluidic sorter,cell ejection | sorting success rate | post-sorting viability,"This is explicitly a non-contact precision release system for cells, but it is more specialized for single-cell release/sorting than general separation, washing, or patterning in a channel.",High-efficiency generation of stably transduced monoclonal cell lines via a laser-induced jetting microfluidic platform (10.1007/s00216-026-06508-z)
small_vesicle_nanomech,data/interim/pdfs/Active_probing_of_the_mechanical_properties_of_biological_and_synthetic_vesicles.pdf,,True,I have submicrometer extracellular vesicles and small liposomes and need a physical instrument that can measure their stiffness or bending rigidity without relying on optical observation alone.,False,1,1,Atomic Force Microscope,nanoscale mechanical characterization instrument,best_match,0.99,1,3,original_query,AFM | atomic force microscopy | AFM-based nanoindentation,stiffness | bending modulus | Young's modulus | contact angle | osmotic pressure,This is explicitly used to quantify stiffness of submicrometer extracellular vesicles and to perform nanoindentation-based nanomechanical analysis. It directly addresses the need for a physical instrument to measure stiffness or bending-related mechanical properties rather than relying on optical observation alone.,AFM-based High-Throughput Nanomechanical Screening of Single Extracellular Vesicles (10.1101/854539) | Quantitative Nanomechanical Analysis of Small Extracellular Vesicles for Tumor Malignancy Indication (10.1002/advs.202100825) | Complex mechanical behaviour of extracellular vesicles and artificial liposomes (10.1007/S00249-015-1045-6)
tmd_spin_valley_laser,data/interim/pdfs/Atomically_thin_transition_metal_dichalcogenide_nanolasers__Challenges_and_opportunities.pdf,,True,I am trying to build a TMD laser experiment where I can check for circularly polarized emission and spin-valley selectivity. What instrument family should I use to characterize the emitted light?,False,1,1,spectrometer/camera system with circular polarization optics,optical spectroscopy / photoluminescence analysis system,best_match,0.98,1,1,original_query,spectrometer/camera system | spectrometer/camera | quarter-wave plate + Wollaston prism + spectrometer/camera,circularly polarized photoluminescence spectra | left/right handed emission intensity | polarization anisotropy or degree of circular polarization,This is the directly relevant instrument family for checking circularly polarized emission and spin-valley selectivity in emitted light. The chunks explicitly describe photoluminescence emission being passed through a quarter-wave plate and Wollaston prism into a spectrometer/camera system to separately collect right- and left-handed circularly polarized emission.,Bright circularly polarized photoluminescence in chiral layered hybrid lead-halide perovskites (10.1126/sciadv.adh5083)
tmd_spin_valley_laser,data/interim/pdfs/Atomically_thin_transition_metal_dichalcogenide_nanolasers__Challenges_and_opportunities.pdf,,True,I am trying to build a TMD laser experiment where I can check for circularly polarized emission and spin-valley selectivity. What instrument family should I use to characterize the emitted light?,False,1,2,tip-enhanced circularly polarized photoluminescence imaging system,near-field optical imaging / photoluminescence microscope,acceptable_alternative,0.86,1,1,original_query,TECPPL imaging | tip-enhanced CPL imaging,emission intensity maps | valley polarization maps | circular polarization degree (Pc),"This system is relevant if the goal extends beyond bulk emission characterization to spatially resolved valley polarization. It is explicitly described as enabling simultaneous mapping of emission intensity and valley polarization, but it is more specialized and not the clearest general-purpose instrument for characterizing emitted light from a TMD laser.",Visualizing Nanoscale Valley Polarization in Transition Metal Dichalcogenides Using Tip-Enhanced Circularly Polarized Photoluminescence Imaging. (10.1021/acs.nanolett.5c04254)
tdEV_identity_multimodal,data/interim/pdfs/Cancer-id__Toward_identification_of_cancer_by_tumor-derived_extracellular_vesicles_in_blood.pdf,,True,"I have captured extracellular vesicles on a functionalized substrate and want to confirm their morphology, size, deformability, and chemical identity rather than relying on a single readout. What instrument setup should I use?",True,4,1,transmission electron microscope,electron microscope,best_match,0.98,2,3,ev_morphology_imaging | ev_size_measurement,TEM | Cryo-TEM | electron microscopy | microscope,vesicle morphology | vesicle shape | high-resolution images | qualitative morphology | approximate particle size,"The query asks whether extracellular vesicles retain expected morphology and whether their shape can be visualized at sufficient resolution. TEM is explicitly used in the chunks to determine EV morphology and provides the required high-resolution visualization. Cryo-TEM is also explicitly mentioned as a morphology-analysis method for EVs. | TEM is explicitly mentioned for observing samples, and it can support particle size assessment by imaging. But the chunks do not state that it was used for quantitative size distribution, nor that it is optimized for substrate-bound samples in this context.","Extracellular vesicles derived from lung M2 macrophages enhance group 2 innate lymphoid cells function in allergic airway inflammation (10.1038/s12276-025-01465-6) | Extracellular Vesicles From Follicular Fluid in Infertile Women: Size, Morphology and miRNA Content Analysis (10.1002/jex2.70041) | Comparison of Four Purification Methods on Serum Extracellular Vesicle Recovery, Size Distribution, and Proteomics (10.3390/proteomes11030023)"
tdEV_identity_multimodal,data/interim/pdfs/Cancer-id__Toward_identification_of_cancer_by_tumor-derived_extracellular_vesicles_in_blood.pdf,,True,"I have captured extracellular vesicles on a functionalized substrate and want to confirm their morphology, size, deformability, and chemical identity rather than relying on a single readout. What instrument setup should I use?",True,4,2,tunable resistive pulse sensing system,particle sizing analyzer,best_match,0.98,1,2,ev_size_measurement,TRPS | qNano | Nanopore NP100 | Nanopore NP150,particle concentration | size distribution | modal particle diameter,"This is explicitly used in the chunks to measure extracellular vesicle size distribution, including modal particle diameter and concentration. However, the evidence describes analysis of vesicles in suspension after isolation, not surface-bound or substrate-attached samples, so it is highly relevant for sizing but not clearly compatible with substrate-bound samples.","Comparison of Four Purification Methods on Serum Extracellular Vesicle Recovery, Size Distribution, and Proteomics (10.3390/proteomes11030023) | A standardized method for plasma extracellular vesicle isolation and size distribution analysis (10.1371/journal.pone.0284875)"
tdEV_identity_multimodal,data/interim/pdfs/Cancer-id__Toward_identification_of_cancer_by_tumor-derived_extracellular_vesicles_in_blood.pdf,,True,"I have captured extracellular vesicles on a functionalized substrate and want to confirm their morphology, size, deformability, and chemical identity rather than relying on a single readout. What instrument setup should I use?",True,4,3,liquid chromatography-tandem mass spectrometer,mass spectrometry system,best_match,0.97,1,1,ev_chemical_identity,LC-MS/MS | liquid chromatography–tandem mass spectrometry | LC-MS,mass-to-charge spectra | identified metabolites / molecular features | relative abundance profiles,"This directly supports verification of EV chemical identity through molecular signatures, because it can profile EV-associated compounds and distinguish EV samples by their molecular content.",Urinary extracellular vesicle metabolomic profiling reveals a distinct molecular signature for the non-invasive diagnosis of lupus nephritis (10.3389/fimmu.2026.1741455)
tdEV_identity_multimodal,data/interim/pdfs/Cancer-id__Toward_identification_of_cancer_by_tumor-derived_extracellular_vesicles_in_blood.pdf,,True,"I have captured extracellular vesicles on a functionalized substrate and want to confirm their morphology, size, deformability, and chemical identity rather than relying on a single readout. What instrument setup should I use?",True,4,4,Cryo-transmission electron microscope,electron microscope / imaging system,best_match,0.94,1,1,ev_deformability_mechanics,Cryo-TEM | cryo transmission electron microscopy,high-resolution EV morphology | shape/deformation appearance | membrane integrity / structural preservation,"This is the only explicitly mentioned physical imaging instrument in the chunks that can directly assess EV morphology/shape and whether vesicles appear deformed, collapsed, or artifactually altered during capture or preparation. While it does not directly measure mechanical compliance, it is the best available equipment for judging whether EVs retain expected morphology versus appearing rigid or preparation-artifact distorted.",Tuning Hydrogel Mechanics and Microstructure to Maximize Extracellular Vesicle Production from Mesenchymal Stem Cells (10.1007/s12195-026-00917-x)
tdEV_identity_multimodal,data/interim/pdfs/Cancer-id__Toward_identification_of_cancer_by_tumor-derived_extracellular_vesicles_in_blood.pdf,,True,"I have captured extracellular vesicles on a functionalized substrate and want to confirm their morphology, size, deformability, and chemical identity rather than relying on a single readout. What instrument setup should I use?",True,4,5,multiple reaction monitoring mass spectrometer,targeted mass spectrometry system,acceptable_alternative,0.84,1,1,ev_chemical_identity,MRM | multiple reaction monitoring,targeted peptide/protein abundance | EV marker quantification | marker-to-contaminant comparison,"This is relevant because the query asks for molecular signatures consistent with EV-associated components. Targeted MRM can measure specific EV markers, although it is more focused on predefined targets than broad identity confirmation.",Analysis of Extracellular Vesicle and Contaminant Markers in Blood Derivatives Using Multiple Reaction Monitoring. (10.1007/978-1-0716-2978-9_20)
tdEV_identity_multimodal,data/interim/pdfs/Cancer-id__Toward_identification_of_cancer_by_tumor-derived_extracellular_vesicles_in_blood.pdf,,True,"I have captured extracellular vesicles on a functionalized substrate and want to confirm their morphology, size, deformability, and chemical identity rather than relying on a single readout. What instrument setup should I use?",True,4,6,super-resolution microscope,fluorescence microscope,acceptable_alternative,0.83,1,1,ev_morphology_imaging,super-resolution microscopy | SRM,high-resolution EV images | morphological structure | single-particle visualization,"Super-resolution microscopy is explicitly described as a tool for imaging and characterizing EV structure and morphology with high resolution. It is relevant to visualizing EV shape, though the chunk is a review/perspective and does not specifically show its use on a functionalized substrate.",Illuminating Extracellular Vesicles Biology with Super-Resolution Microscopy: Insights into Morphology and Composition (10.1021/acsnano.5c00380)
tdEV_identity_multimodal,data/interim/pdfs/Cancer-id__Toward_identification_of_cancer_by_tumor-derived_extracellular_vesicles_in_blood.pdf,,True,"I have captured extracellular vesicles on a functionalized substrate and want to confirm their morphology, size, deformability, and chemical identity rather than relying on a single readout. What instrument setup should I use?",True,4,7,flow cytometer,cytometry instrument,supporting_but_not_ideal,0.84,1,2,ev_size_measurement,cytometer | integrated cytometer | micro-flow cytometer,scatter intensity | derived particle diameter | size distribution,"The chunks state that EV size can be derived from scatter intensity measured by flow cytometry and that an integrated cytometer can measure particle diameter in the EV size range. This is relevant for size distribution, but the provided evidence does not indicate compatibility with surface-bound/substrate-attached samples.",Deriving Extracellular Vesicle Size From Scatter Intensities Measured by Flow Cytometry (10.1002/cpcy.43) | Monolithically-integrated cytometer for measuring particle diameter in the extracellular vesicle size range using multi-angle scattering. (10.1039/c9lc01182j)
tdEV_identity_multimodal,data/interim/pdfs/Cancer-id__Toward_identification_of_cancer_by_tumor-derived_extracellular_vesicles_in_blood.pdf,,True,"I have captured extracellular vesicles on a functionalized substrate and want to confirm their morphology, size, deformability, and chemical identity rather than relying on a single readout. What instrument setup should I use?",True,4,8,super-resolution microscope for dSTORM imaging,microscopy imaging system,supporting_but_not_ideal,0.78,1,1,ev_chemical_identity,dSTORM imaging system | super-resolution microscopy,single-vesicle fluorescence localization | marker co-detection patterns | molecular phenotype classification,"This can help assess EV-associated molecular markers on individual particles, but it is less direct for verifying chemical identity than mass spectrometry-based molecular profiling.",Single-Vesicle Molecular Profiling by dSTORM Imaging in a Liquid Biopsy Assay Predicts Early Relapse in Colorectal Cancer (10.3390/biom15091307)
pcm_multiple_events,data/interim/pdfs/Chalcogenides_by_Design__Functionality_through_Metavalent_Bonding_and_Confinement.pdf,,True,"I want to test whether a crystalline chalcogenide shows the unusual bond-breaking behavior reported for metavalent materials, especially the high fraction of multiple-ion events during field evaporation.",False,1,1,atom probe tomography system,atom probe microscope / field evaporation analyzer,best_match,0.99,1,3,original_query,APT | atom probe,multiple-event probability (PME) | probability of molecular ions (PMI) | single-ion vs multi-ion detection per pulse | field evaporation / bond rupture behavior,"This is the central physical instrument used in the cited papers to measure field evaporation behavior, including multiple-ion events and bond-rupture signatures in metavalent/crystalline phase-change materials. It directly answers the query.",Unique Bond Breaking in Crystalline Phase Change Materials and the Quest for Metavalent Bonding (10.1002/adma.201706735) | Investigating bond rupture in resonantly bonded solids by field evaporation of carbon nanotubes. (10.1021/acs.nanolett.9b03435) | Atom Probe Tomography: a Local Probe for Chemical Bonds in Solids (10.1002/adma.202403046)
