mode,query_id,query_type,case_type,run_status,used_decomposition,num_subproblems_run,rank,equipment_name,normalized_equipment_name,equipment_type,best_relevance_label,max_confidence_score,num_supporting_subproblems,num_supporting_papers,aliases,measurement_outputs,explanations,match_label,match_label_raw,match_score,matched_prediction_name,matched_expected_name,original_query,source_doi,source_pdf_path,expected_must_have,expected_best_match,expected_acceptable,expected_supporting,expected_not_suitable,error
direct,PET_packaging_barrier,broad_diagnostic,literature_supported_inventory_uncertain,completed,False,1.0,1.0,Fourier Transform Infrared (FTIR) spectrometer with ATR sampling module,fourier transform infrared ftir spectrometer with atr sampling module,spectrometer,supporting_but_not_ideal,0.78,1.0,1.0,ATR-FTIR | FTIR,infrared spectra | polymer/material identity,"The chunks explicitly describe FTIR/ATR-FTIR as a physical instrument used to identify the polymer composition of PET packaging. It is useful for confirming whether a candidate is chemically PET-like or contains other polymers, but it does not directly measure gas barrier, haze, or discoloration, so it is only supporting evidence for suitability.",no_match,no_match,0,,,"We need to evaluate a biobased PET replacement for bottle and film packaging, but the candidate has poor gas barrier performance and also shows haze/discoloration concerns. What physical equipment should we use to measure whether it can actually replace PET in transparent packaging?",,data/interim/pdfs/Recommendations_for_replacing_PET_on_packaging__fiber__and_film_materials_with_biobased_counterparts.pdf,gas permeability tester | haze meter | gas transmission tester | permeation analyzer | haze tester,oxygen permeability analyzer | carbon dioxide permeability analyzer | water vapor transmission rate tester | haze meter | haze tester,permeation analyzer | gas transmission tester | spectrophotometer | gas permeability tester,DSC | polarized optical microscope,FTIR spectrometer | rheometer | HPLC,
direct,PET_packaging_barrier,broad_diagnostic,literature_supported_inventory_uncertain,completed,False,1.0,2.0,Differential Scanning Calorimeter,differential scanning calorimeter,thermal analyzer,supporting_but_not_ideal,0.72,1.0,1.0,DSC | differential scanning calorimetry instrument,melting transitions | crystallization transitions | thermal properties,"DSC is explicitly mentioned as a characterization tool for PET packaging. It can help assess thermal behavior relevant to processing and material comparison, but it does not directly measure gas barrier or optical haze/discoloration, so it is not the best match for the query.",supporting_but_not_ideal,supporting_but_not_ideal,1,DSC,DSC,"We need to evaluate a biobased PET replacement for bottle and film packaging, but the candidate has poor gas barrier performance and also shows haze/discoloration concerns. What physical equipment should we use to measure whether it can actually replace PET in transparent packaging?",,data/interim/pdfs/Recommendations_for_replacing_PET_on_packaging__fiber__and_film_materials_with_biobased_counterparts.pdf,gas permeability tester | haze meter | gas transmission tester | permeation analyzer | haze tester,oxygen permeability analyzer | carbon dioxide permeability analyzer | water vapor transmission rate tester | haze meter | haze tester,permeation analyzer | gas transmission tester | spectrophotometer | gas permeability tester,DSC | polarized optical microscope,FTIR spectrometer | rheometer | HPLC,
direct,acoustic_particles_diagnostic,method_selection,literature_supported_inventory_uncertain,completed,False,1.0,1.0,surface acoustic wave microfluidic system,surface acoustic wave microfluidic system,microfluidic acoustic manipulation system,best_match,0.98,1.0,4.0,SAW microfluidic device | acoustic microfluidic device | surface acoustic waves (SAWs) | focused traveling surface acoustic wave (FTSAW) system,cell separation | cell detachment | cell focusing | cell collection at outlets | particle washing/manipulation,"The chunks explicitly describe SAW-based systems as label-free and non-contact methods for cell detachment, sorting, manipulation, washing, and focusing in microfluidic channels, which matches the user's need for fragile cells.",must_have_or_best_match,must_have,3,SAW microfluidic device,surface acoustic wave (SAW) microfluidic device,"My sample contains fragile cells and I want a non-contact way to separate, wash, or pattern them in a microfluidic channel without relying on labels or physical contact. What equipment should I use?",,data/interim/pdfs/A_concise_review_of_microfluidic_particle_manipulation_methods.pdf,acoustic tweezers system | ultrasonic standing-wave microfluidic system | surface acoustic wave (SAW) microfluidic device,surface acoustic wave microfluidic device | standing-wave acoustic tweezers setup | holographic acoustic tweezers setup | acoustic tweezers system | ultrasonic standing-wave microfluidic system | surface acoustic wave (SAW) microfluidic device,acoustic separation chip | ultrasound standing-wave microfluidic system,hydrodynamic microfluidic separator | dielectrophoresis microfluidic setup | magnetic tweezers microfluidic setup,optical tweezers system | centrifuge | mass spectrometer,
direct,afm-grease-microstructure,specific,paper_grounded_local_candidate,completed,False,1.0,1.0,scanning electron microscope,scanning electron microscope,electron microscope,best_match,0.88,1.0,1.0,SEM,microstructure images | morphology / fibrous network visualization,"The query asks for nanoscale imaging of fresh lithium grease microstructure to confirm a fibrous thickener network. The chunks explicitly mention scanning electron microscopy as a characterization tool for microstructure/morphology, making SEM the clearest physical instrument relevant to this task.",no_match,no_match,0,,,I need to image the fresh lithium grease microstructure at the nanoscale so I can confirm the fibrous thickener network before doing rheology tests.,10.1007/s11249-024-01878-w,data/interim/pdfs/A_Coarse_Grained_Molecular_Dynamics_Model_for_the_Simulation_of_Lubricating_Greases.pdf,atomic force microscope | AFM,atomic force microscope | AFM,,,optical microscope | rheometer | DSC,
direct,afm-grease-microstructure,specific,paper_grounded_local_candidate,completed,False,1.0,2.0,quantitative microstructure analysis method/instrumentation for lithium-based grease,quantitative microstructure analysis method instrumentation for lithium based grease,analytical imaging workflow,supporting_but_not_ideal,0.28,1.0,1.0,microstructure analysis,microstructure quantification | structural characterization,"The title indicates a paper on microstructure analysis of lithium-based grease, which is directionally relevant, but the provided evidence is metadata-only and does not explicitly name the physical instrument. This is therefore only weak supporting evidence, not a reliably identifiable piece of equipment.",no_match,no_match,0,,,I need to image the fresh lithium grease microstructure at the nanoscale so I can confirm the fibrous thickener network before doing rheology tests.,10.1007/s11249-024-01878-w,data/interim/pdfs/A_Coarse_Grained_Molecular_Dynamics_Model_for_the_Simulation_of_Lubricating_Greases.pdf,atomic force microscope | AFM,atomic force microscope | AFM,,,optical microscope | rheometer | DSC,
direct,antifouling_01,broad_diagnostic,literature_supported_inventory_uncertain,completed,False,1.0,1.0,Quartz crystal microbalance with dissipation monitoring,quartz crystal microbalance with dissipation monitoring,surface mass/adsorption analyzer,best_match,0.94,1.0,1.0,QCM-D,adsorbed mass / frequency shift | dissipation change | real-time binding/adsorption kinetics,"This is directly useful for verifying whether an antifouling coating prevents protein attachment. The chunk explicitly says stable layer formation was confirmed by QCM-D analysis, indicating its use in coating evaluation.",must_have_or_best_match,must_have,3,Quartz crystal microbalance with dissipation monitoring,Quartz crystal microbalance with dissipation monitoring,"I’m screening a new antifouling coating and need to verify whether it actually prevents protein and cell attachment, since the coating is intended to be fouling-resistant rather than biocidal.",,data/interim/pdfs/Recent_Developments_and_Practical_Feasibility_of_Polymer-Based_Antifouling_Coatings.pdf,Quartz crystal microbalance with dissipation monitoring | QCM-D | Quartz crystal microbalance,QCM-D | Surface plasmon resonance | Ellipsometer | Quartz crystal microbalance with dissipation monitoring | Quartz crystal microbalance,Atomic force microscope | Confocal fluorescence microscope | Protein adsorption assay setup,Contact angle goniometer | Zeta potential analyzer | Scanning electron microscope,NMR spectrometer | X-ray diffractometer | Rheometer,
direct,antifouling_01,broad_diagnostic,literature_supported_inventory_uncertain,completed,False,1.0,2.0,Capillary electrophoresis system,capillary electrophoresis system,separation/analytical instrument,acceptable_alternative,0.82,1.0,1.0,CE | capillary electrophoresis,protein separation profile | electropherogram | migration behavior / separation performance,"Relevant because the coating is explicitly used in capillary electrophoresis and its performance is assessed by protein separation. However, it is less direct than a dedicated adsorption assay for verifying antifouling against proteins and does not directly test cell attachment.",no_match,no_match,0,,,"I’m screening a new antifouling coating and need to verify whether it actually prevents protein and cell attachment, since the coating is intended to be fouling-resistant rather than biocidal.",,data/interim/pdfs/Recent_Developments_and_Practical_Feasibility_of_Polymer-Based_Antifouling_Coatings.pdf,Quartz crystal microbalance with dissipation monitoring | QCM-D | Quartz crystal microbalance,QCM-D | Surface plasmon resonance | Ellipsometer | Quartz crystal microbalance with dissipation monitoring | Quartz crystal microbalance,Atomic force microscope | Confocal fluorescence microscope | Protein adsorption assay setup,Contact angle goniometer | Zeta potential analyzer | Scanning electron microscope,NMR spectrometer | X-ray diffractometer | Rheometer,
direct,dnaJB8-hsp70-fp,specific,paper_grounded_local_candidate,completed,False,1.0,1.0,fluorescence polarization assay instrument,fluorescence polarization assay instrument,fluorescence spectrometer / plate-based binding assay reader,best_match,0.99,1.0,1.0,FP assay setup | polarization reader,fluorescence polarization (mP) | binding curves / apparent affinity | competition shifts in polarization signal,The paper explicitly states that the JD–HspA1A interaction and CTD competition were tested using an FP binding assay. This is the same physical assay needed to assess direct binding of a DnaJB8 J-domain construct to Hsp70 and competition by CTD.,must_have_or_best_match,must_have,3,polarization reader,fluorescence polarization reader,"A protein biophysics lab wants to test whether a DnaJB8 J-domain construct directly binds Hsp70 and whether the CTD competes with that interaction, using the same physical assay setup as the paper.",10.1038/s41467-021-21147-x,data/interim/pdfs/Regulatory_inter-domain_interactions_influence_Hsp70_recruitment_to_the_DnaJB8_chaperone.pdf,fluorescence polarization reader | plate reader with polarization optics | FP reader | polarization plate reader | fluorescence anisotropy reader,fluorescence polarization reader | plate reader with polarization optics | FP reader | polarization plate reader | fluorescence anisotropy reader,multi-mode plate reader with polarization module | fluorescence anisotropy reader | fluorescence polarization reader | FP reader | polarization plate reader,qPCR instrument | standard absorbance plate reader,circular dichroism instrument | dynamic light scattering plate reader | NMR spectrometer,
direct,dnaJB8-hsp70-fp,specific,paper_grounded_local_candidate,completed,False,1.0,2.0,fluorescein-labeled JD construct,fluorescein labeled jd construct,fluorescently labeled protein probe,supporting_but_not_ideal,0.94,1.0,1.0,FITC-labeled JD | JD 1–82-FITC,polarization changes upon binding | competition-dependent signal shifts,This is central to the assay workflow but is not standalone specialized physical equipment. It is explicitly required for the FP binding setup used in the paper.,no_match,no_match,0,,,"A protein biophysics lab wants to test whether a DnaJB8 J-domain construct directly binds Hsp70 and whether the CTD competes with that interaction, using the same physical assay setup as the paper.",10.1038/s41467-021-21147-x,data/interim/pdfs/Regulatory_inter-domain_interactions_influence_Hsp70_recruitment_to_the_DnaJB8_chaperone.pdf,fluorescence polarization reader | plate reader with polarization optics | FP reader | polarization plate reader | fluorescence anisotropy reader,fluorescence polarization reader | plate reader with polarization optics | FP reader | polarization plate reader | fluorescence anisotropy reader,multi-mode plate reader with polarization module | fluorescence anisotropy reader | fluorescence polarization reader | FP reader | polarization plate reader,qPCR instrument | standard absorbance plate reader,circular dichroism instrument | dynamic light scattering plate reader | NMR spectrometer,
direct,fmi_system,broad_diagnostic,literature_supported_inventory_uncertain,completed,False,1.0,1.0,fluorescence imaging system,fluorescence imaging system,imaging system,best_match,0.98,1.0,1.0,fluorescence molecular imaging system | FMI system | commercial fluorescence imaging system,fluorescence images | captured emitted fluorescence signal | image acquisition parameters,This is the central physical equipment for comparing fluorescence molecular imaging platforms. The chunks explicitly state that fluorescence imaging systems are used to visualize fluorescent imaging agents and that reporting should include system name/version and operational parameters.,must_have_or_best_match,must_have,3,fluorescence imaging system,fluorescence imaging system,"I need to compare fluorescence molecular imaging platforms for surgery and interventions, including the hardware and acquisition settings I should report.",,data/interim/pdfs/Reflect__reporting_guidelines_for_preclinical__translational_and_clinical_fluorescence_molecular_imaging_studies.pdf,fluorescence imaging system | fluorescence camera | FMI system | fluorescence-guided surgery system,intraoperative fluorescence imaging system | fluorescence molecular imaging system | fluorescence-guided surgery system | fluorescence imaging system | fluorescence camera | FMI system,fluorescence camera | near-infrared fluorescence imaging system | endoscopic fluorescence imaging system | fluorescence imaging system | FMI system | fluorescence-guided surgery system,RGB camera | standard surgical light source | white light camera,mass spectrometer | CT scanner | confocal microscope,
direct,fmi_system,broad_diagnostic,literature_supported_inventory_uncertain,completed,False,1.0,2.0,closed-field imaging system,closed field imaging system,imaging system,best_match,0.94,1.0,1.0,closed-field fluorescence imaging system | closed-field imager,intraoperative fluorescence images | ex vivo specimen images | margin assessment images,"This is a specific fluorescence molecular imaging platform used in surgery, directly relevant to comparing intraoperative hardware and the acquisition conditions to report.",must_have_or_best_match,must_have,3,closed-field fluorescence imaging system,fluorescence imaging system,"I need to compare fluorescence molecular imaging platforms for surgery and interventions, including the hardware and acquisition settings I should report.",,data/interim/pdfs/Reflect__reporting_guidelines_for_preclinical__translational_and_clinical_fluorescence_molecular_imaging_studies.pdf,fluorescence imaging system | fluorescence camera | FMI system | fluorescence-guided surgery system,intraoperative fluorescence imaging system | fluorescence molecular imaging system | fluorescence-guided surgery system | fluorescence imaging system | fluorescence camera | FMI system,fluorescence camera | near-infrared fluorescence imaging system | endoscopic fluorescence imaging system | fluorescence imaging system | FMI system | fluorescence-guided surgery system,RGB camera | standard surgical light source | white light camera,mass spectrometer | CT scanner | confocal microscope,
direct,fmi_system,broad_diagnostic,literature_supported_inventory_uncertain,completed,False,1.0,3.0,endoscopic fluorescence imaging system,endoscopic fluorescence imaging system,intraoperative imaging system,acceptable_alternative,0.77,1.0,1.0,laparoscopic fluorescence imaging system | open surgery fluorescence imaging device | intraoperative FMI device,real-time fluorescence images | operative visualization | surgical decision support,"The chunks explicitly mention devices for endoscopy, laparoscopic, and open surgery. This is relevant to platform comparison, though the evidence is broader and less specific than a named system.",must_have_or_best_match,must_have,3,endoscopic fluorescence imaging system,fluorescence imaging system,"I need to compare fluorescence molecular imaging platforms for surgery and interventions, including the hardware and acquisition settings I should report.",,data/interim/pdfs/Reflect__reporting_guidelines_for_preclinical__translational_and_clinical_fluorescence_molecular_imaging_studies.pdf,fluorescence imaging system | fluorescence camera | FMI system | fluorescence-guided surgery system,intraoperative fluorescence imaging system | fluorescence molecular imaging system | fluorescence-guided surgery system | fluorescence imaging system | fluorescence camera | FMI system,fluorescence camera | near-infrared fluorescence imaging system | endoscopic fluorescence imaging system | fluorescence imaging system | FMI system | fluorescence-guided surgery system,RGB camera | standard surgical light source | white light camera,mass spectrometer | CT scanner | confocal microscope,
direct,fmi_system,broad_diagnostic,literature_supported_inventory_uncertain,completed,False,1.0,4.0,fluorescence-guided surgery imaging box,fluorescence guided surgery imaging box,imaging enclosure,supporting_but_not_ideal,0.72,1.0,1.0,dedicated closed-field imaging box | Vault imaging box,controlled ex vivo fluorescence images | specimen imaging consistency,"This is tangible hardware relevant to the imaging workflow, but it is an accessory/enclosure rather than the main fluorescence molecular imaging platform itself.",no_match,no_match,0,,,"I need to compare fluorescence molecular imaging platforms for surgery and interventions, including the hardware and acquisition settings I should report.",,data/interim/pdfs/Reflect__reporting_guidelines_for_preclinical__translational_and_clinical_fluorescence_molecular_imaging_studies.pdf,fluorescence imaging system | fluorescence camera | FMI system | fluorescence-guided surgery system,intraoperative fluorescence imaging system | fluorescence molecular imaging system | fluorescence-guided surgery system | fluorescence imaging system | fluorescence camera | FMI system,fluorescence camera | near-infrared fluorescence imaging system | endoscopic fluorescence imaging system | fluorescence imaging system | FMI system | fluorescence-guided surgery system,RGB camera | standard surgical light source | white light camera,mass spectrometer | CT scanner | confocal microscope,
direct,osc_morphology_giwaxs,specific,paper_grounded_local_candidate,completed,False,1.0,1.0,atomic force microscope,atomic force microscope,microscope,best_match,0.98,1.0,1.0,AFM | atomic force microscopy,topography images | nanoscale morphology / aggregate structure,The chunks explicitly state that atomic force microscopy was used to reveal the absence of big CNT aggregates and to study morphology-related effects in the active layer. This directly matches the user's need to check whether an additive changed packing and phase segregation in an organic solar-cell blend.,supporting_but_not_ideal,supporting_but_not_ideal,1,atomic force microscope,atomic force microscope,I need to verify whether adding a fullerene additive has changed the active-layer packing and phase segregation in an organic solar-cell blend. What physical instrument should I use?,10.1039/d0ee00714e,data/interim/pdfs/15_34__efficiency_all-small-molecule_organic_solar_cells_with_an_improved_fill_factor_enabled_by_a_fullerene_additive.pdf,grazing-incidence X-ray scattering system | GIWAXS | GISAXS | grazing incident X-ray scattering,grazing-incidence wide-angle X-ray scattering system | GIWAXS setup | grazing-incidence X-ray scattering setup | grazing-incidence X-ray scattering system | GIWAXS | GISAXS | grazing incident X-ray scattering,GISAXS setup | grazing-incidence small-angle X-ray scattering system,atomic force microscope | transmission electron microscope,cyclic voltammetry system | ellipsometer | transient photocurrent measurement setup,
direct,pcm_multiple_events,method_selection,literature_supported_inventory_uncertain,completed,False,1.0,1.0,atom probe tomography system,atom probe tomography system,imaging / mass spectrometry / field evaporation analysis instrument,best_match,0.99,1.0,2.0,APT | atom probe microscope | bonding probe tomography,multiple-event probability (PME) | probability of molecular ions (PMI) | mass spectra | detector hit maps | field-evaporation / desorption patterns,"This is the direct experimental platform used in the provided chunks to study laser-assisted field evaporation, multiple events, PMI/PME, and bond rupture in crystalline phase change materials and other metavalent solids. It directly answers the query about testing unusual bond-breaking behavior during field evaporation.",must_have_or_best_match,must_have,3,atom probe tomography system,atom probe tomography,"I want to test whether a crystalline chalcogenide shows the unusual bond-breaking behavior reported for metavalent materials, especially the high fraction of multiple-ion events during field evaporation.",,data/interim/pdfs/Chalcogenides_by_Design__Functionality_through_Metavalent_Bonding_and_Confinement.pdf,atom probe tomography | APT | 3D atom probe,laser-assisted atom probe tomography | atom probe tomography | APT | 3D atom probe | laser APT | laser atom probe,3D atom probe | field ion microscopy | atom probe tomography | APT,transmission electron microscope | scanning electron microscope,X-ray diffractometer | differential scanning calorimeter | electrical conductivity meter,
direct,pef_barrier_measurement,broad_diagnostic,literature_supported_inventory_uncertain,completed,False,1.0,1.0,oxygen transmission rate tester,oxygen transmission rate tester,gas barrier analyzer,best_match,0.98,1.0,1.0,OTR tester | oxygen permeability measurement system | oxygen transmission measurement setup,oxygen transmission rate (OTR) | oxygen permeability / oxygen barrier performance,"The query asks for direct measurements of oxygen barrier performance between PEF and PET. The chunks explicitly report oxygen transmission rate (OTR) measurements for PEF, PET, and multilayer films, making this the most directly relevant physical equipment.",no_match,no_match,0,,,"I need to compare a new PEF film against PET because the packaging team says oxygen and CO2 barrier performance is the key differentiator, but we need direct measurements to confirm it.",,data/interim/pdfs/A_Perspective_on_PEF_Synthesis__Properties__and_End-Life.pdf,gas permeability analyzer | permeation tester | gas permeameter,oxygen permeability tester | carbon dioxide permeability tester | gas permeability analyzer | permeation tester | gas permeameter | O2 permeation tester | CO2 permeation tester,gas sorption analyzer | manometric gas permeameter,DSC | tensile tester,NIR sorter | LC-MS/MS,
direct,pef_barrier_measurement,broad_diagnostic,literature_supported_inventory_uncertain,completed,False,1.0,2.0,carbon dioxide permeability tester,carbon dioxide permeability tester,gas barrier analyzer,best_match,0.97,1.0,1.0,CO2 permeability measurement system | carbon dioxide transmission tester | CO2 barrier analyzer,carbon dioxide permeability | CO2 barrier performance,"The query specifically asks to confirm CO2 barrier performance. The abstract explicitly states that oxygen and carbon dioxide transport/permeability in PEF films were analyzed experimentally, so CO2 permeability testing equipment is directly relevant.",must_have_or_best_match,best_match,3,carbon dioxide permeability tester,carbon dioxide permeability tester,"I need to compare a new PEF film against PET because the packaging team says oxygen and CO2 barrier performance is the key differentiator, but we need direct measurements to confirm it.",,data/interim/pdfs/A_Perspective_on_PEF_Synthesis__Properties__and_End-Life.pdf,gas permeability analyzer | permeation tester | gas permeameter,oxygen permeability tester | carbon dioxide permeability tester | gas permeability analyzer | permeation tester | gas permeameter | O2 permeation tester | CO2 permeation tester,gas sorption analyzer | manometric gas permeameter,DSC | tensile tester,NIR sorter | LC-MS/MS,
direct,small_vesicle_nanomech,method_selection,,completed,,,,,,,,,,,,,,no_equipment_returned,,0,,,,,,,,,,,
direct,sr3fe2o7_neutron_diffraction_setup,specific,,completed,,,,,,,,,,,,,,no_equipment_returned,,0,,,,,,,,,,,
direct,subcellular_lipid_map,broad_diagnostic,literature_supported_inventory_uncertain,completed,False,1.0,1.0,time-of-flight secondary ion mass spectrometer,time of flight secondary ion mass spectrometer,mass spectrometer / imaging mass spectrometry instrument,best_match,0.99,1.0,2.0,TOF-SIMS | secondary ion mass spectrometry | time-of-flight secondary ion mass spectrometry,spatially resolved ion images of cardiolipin and phosphatidylethanolamine fragments | subcellular chemical distribution maps,"This instrument is explicitly reported to image cardiolipins and phosphatidylethanolamines at the subcellular level in cells and tissues, directly matching the user's need to visualize these lipids in individual cells and organelles rather than only in whole tissue sections.",must_have_or_best_match,must_have,3,time-of-flight secondary ion mass spectrometer,gas-cluster ion beam time-of-flight secondary-ion mass spectrometer,"I need to visualize cardiolipins and phosphatidylethanolamines at the subcellular level in individual cells and organelles, not just in whole tissue sections.",,data/interim/pdfs/Redox_phospholipidomics_of_enzymatically_generated_oxygenated_phospholipids_as_specific_signals_of_programmed_cell_death.pdf,gas-cluster ion beam time-of-flight secondary-ion mass spectrometer | GCIB-ToF-SIMS | ToF-SIMS,3D OrbiSIMS | ToF-SIMS with gas-cluster ion beam | gas-cluster ion beam time-of-flight secondary-ion mass spectrometer | GCIB-ToF-SIMS | ToF-SIMS | OrbiSIMS,secondary-ion mass spectrometer | SIMS imaging system,MALDI imaging mass spectrometer,fluorescence microscope | triple quadrupole LC-MS/MS,
direct,subcellular_lipid_map,broad_diagnostic,literature_supported_inventory_uncertain,completed,False,1.0,2.0,stimulated Raman scattering microscopy,stimulated raman scattering microscopy,optical imaging microscope,acceptable_alternative,0.89,1.0,1.0,SRS microscopy | PRM-SRS microscopy | hyperspectral PRM-SRS microscopy,subcellular lipid distribution images | hyperspectral Raman-based lipid subtype maps,"The chunks state that PRM-SRS microscopy provides subcellular resolution and can visualize subcellular distributions of cardiolipin and phosphatidylethanolamine. It is relevant for subcellular lipid visualization, though the evidence is less directly centered on CL and PE than TOF-SIMS.",no_match,no_match,0,,,"I need to visualize cardiolipins and phosphatidylethanolamines at the subcellular level in individual cells and organelles, not just in whole tissue sections.",,data/interim/pdfs/Redox_phospholipidomics_of_enzymatically_generated_oxygenated_phospholipids_as_specific_signals_of_programmed_cell_death.pdf,gas-cluster ion beam time-of-flight secondary-ion mass spectrometer | GCIB-ToF-SIMS | ToF-SIMS,3D OrbiSIMS | ToF-SIMS with gas-cluster ion beam | gas-cluster ion beam time-of-flight secondary-ion mass spectrometer | GCIB-ToF-SIMS | ToF-SIMS | OrbiSIMS,secondary-ion mass spectrometer | SIMS imaging system,MALDI imaging mass spectrometer,fluorescence microscope | triple quadrupole LC-MS/MS,
direct,summit-noci-001,specific,paper_grounded_local_candidate,completed,False,1.0,1.0,Summit supercomputer,summit supercomputer,supercomputer,best_match,0.99,1.0,2.0,200PF Summit supercomputer | Summit | Oak Ridge Leadership Computing Facility Summit,matrix-element calculations | nonorthogonal configuration interaction results,"The chunks explicitly state that GronOR calculations were run on Summit, described as the successor supercomputer used by the authors for the project. This directly answers which physical computing system was used.",acceptable_alternative,acceptable_alternatives,2,Summit,Summit,Which physical computing system did the authors use to run the GronOR nonorthogonal configuration interaction matrix-element calculations?,10.1021/acs.jctc.9b01144,data/interim/pdfs/Reduced_Common_Molecular_Orbital_Basis_for_Nonorthogonal_Configuration_Interaction.pdf,,,Summit,Oak Ridge Leadership Computing Facility,GAMESS-UK package | GronOR code | GPU cluster,
direct,summit-noci-001,specific,paper_grounded_local_candidate,completed,False,1.0,2.0,Titan supercomputer,titan supercomputer,supercomputer,acceptable_alternative,0.83,1.0,2.0,27PF Titan supercomputer | Titan,development and execution of GronOR calculations | parallel GPU-accelerated computation,"The text says the first version of GronOR was developed on Titan. This is relevant physical computing hardware, but the query asks which system the authors used to run the matrix-element calculations, and Summit is the more directly indicated system in the provided evidence.",no_match,no_match,0,,,Which physical computing system did the authors use to run the GronOR nonorthogonal configuration interaction matrix-element calculations?,10.1021/acs.jctc.9b01144,data/interim/pdfs/Reduced_Common_Molecular_Orbital_Basis_for_Nonorthogonal_Configuration_Interaction.pdf,,,Summit,Oak Ridge Leadership Computing Facility,GAMESS-UK package | GronOR code | GPU cluster,
direct,tdEV_identity_multimodal,method_selection,literature_supported_inventory_uncertain,completed,False,1.0,1.0,atomic force microscope with infrared nanospectroscopy (AFM-IR / nanospectroscopy),atomic force microscope with infrared nanospectroscopy afm ir nanospectroscopy,hybrid nanoscale imaging and spectroscopy instrument,best_match,0.95,1.0,1.0,AFM-IR | nanospectroscopy | atomic force microscopy–infrared,topography | nanoscopic morphology | chemical/biochemical infrared signatures | surface spectral bands,"This is the most directly relevant instrument setup for a captured-EV-on-substrate workflow when the goal is to assess topography/morphology and chemical identity rather than relying on a single readout. The chunks explicitly describe AFM-IR as correlating topography and biochemical signature, and as a nanospectroscopy technique for EVs.",supporting_but_not_ideal,supporting_but_not_ideal,1,atomic force microscope with infrared nanospectroscopy (AFM-IR / nanospectroscopy),atomic force microscope,"I have captured extracellular vesicles on a functionalized substrate and want to confirm their morphology, size, deformability, and chemical identity rather than relying on a single readout. What instrument setup should I use?",,data/interim/pdfs/Cancer-id__Toward_identification_of_cancer_by_tumor-derived_extracellular_vesicles_in_blood.pdf,AFM-SEM-Raman setup | correlative AFM-SEM-Raman platform,"correlative AFM, SEM, and Raman microscope setup | multimodal AFM/SEM/Raman instrument | AFM-SEM-Raman setup | correlative AFM-SEM-Raman platform | correlative microscopy platform",AFM plus SEM plus Raman microspectroscopy | correlative microscopy platform | multimodal AFM/SEM/Raman instrument,TEM | Raman microscope | atomic force microscope,flow cytometer | NTA | DSC,
direct,tdEV_identity_multimodal,method_selection,literature_supported_inventory_uncertain,completed,False,1.0,2.0,transmission electron microscope (TEM),transmission electron microscope tem,electron microscope,acceptable_alternative,0.88,1.0,2.0,TEM | electron microscopy | transmission electron microscopy,morphology | size | cup-shaped bilayer-enclosed structure,"Explicitly used to evaluate EV morphology and size. However, it does not provide chemical identity or deformability information from the provided evidence, so it is a partial rather than complete match.",supporting_but_not_ideal,supporting_but_not_ideal,1,TEM,TEM,"I have captured extracellular vesicles on a functionalized substrate and want to confirm their morphology, size, deformability, and chemical identity rather than relying on a single readout. What instrument setup should I use?",,data/interim/pdfs/Cancer-id__Toward_identification_of_cancer_by_tumor-derived_extracellular_vesicles_in_blood.pdf,AFM-SEM-Raman setup | correlative AFM-SEM-Raman platform,"correlative AFM, SEM, and Raman microscope setup | multimodal AFM/SEM/Raman instrument | AFM-SEM-Raman setup | correlative AFM-SEM-Raman platform | correlative microscopy platform",AFM plus SEM plus Raman microspectroscopy | correlative microscopy platform | multimodal AFM/SEM/Raman instrument,TEM | Raman microscope | atomic force microscope,flow cytometer | NTA | DSC,
direct,tdEV_identity_multimodal,method_selection,literature_supported_inventory_uncertain,completed,False,1.0,3.0,high-speed atomic force microscope (HS-AFM),high speed atomic force microscope hs afm,atomic force microscope,supporting_but_not_ideal,0.79,1.0,1.0,HS-AFM | high-speed AFM,nanotopology | surface morphology | height fluctuations | structural dynamics,"Useful for morphology and deformation-related surface dynamics, but the provided evidence does not show chemical identity readout. It is therefore not sufficient alone for the user's multi-readout goal.",supporting_but_not_ideal,supporting_but_not_ideal,1,high-speed atomic force microscope (HS-AFM),atomic force microscope,"I have captured extracellular vesicles on a functionalized substrate and want to confirm their morphology, size, deformability, and chemical identity rather than relying on a single readout. What instrument setup should I use?",,data/interim/pdfs/Cancer-id__Toward_identification_of_cancer_by_tumor-derived_extracellular_vesicles_in_blood.pdf,AFM-SEM-Raman setup | correlative AFM-SEM-Raman platform,"correlative AFM, SEM, and Raman microscope setup | multimodal AFM/SEM/Raman instrument | AFM-SEM-Raman setup | correlative AFM-SEM-Raman platform | correlative microscopy platform",AFM plus SEM plus Raman microspectroscopy | correlative microscopy platform | multimodal AFM/SEM/Raman instrument,TEM | Raman microscope | atomic force microscope,flow cytometer | NTA | DSC,
direct,tdEV_identity_multimodal,method_selection,literature_supported_inventory_uncertain,completed,False,1.0,4.0,dynamic light scattering instrument,dynamic light scattering instrument,particle sizing instrument,supporting_but_not_ideal,0.78,1.0,2.0,DLS | dynamic light scattering,size distribution | polydispersity,"Relevant for size confirmation, but it is not suitable for morphology, deformability, or chemical identity. Also, the evidence is for suspension measurements rather than substrate-bound EVs.",no_match,no_match,0,,,"I have captured extracellular vesicles on a functionalized substrate and want to confirm their morphology, size, deformability, and chemical identity rather than relying on a single readout. What instrument setup should I use?",,data/interim/pdfs/Cancer-id__Toward_identification_of_cancer_by_tumor-derived_extracellular_vesicles_in_blood.pdf,AFM-SEM-Raman setup | correlative AFM-SEM-Raman platform,"correlative AFM, SEM, and Raman microscope setup | multimodal AFM/SEM/Raman instrument | AFM-SEM-Raman setup | correlative AFM-SEM-Raman platform | correlative microscopy platform",AFM plus SEM plus Raman microspectroscopy | correlative microscopy platform | multimodal AFM/SEM/Raman instrument,TEM | Raman microscope | atomic force microscope,flow cytometer | NTA | DSC,
direct,tmd_spin_valley_laser,method_selection,literature_supported_inventory_uncertain,completed,False,1.0,1.0,spectrometer/camera system,spectrometer camera system,optical spectroscopy / photoluminescence detection system,best_match,0.98,1.0,1.0,spectrometer | camera system | spectrometer/camera,emission spectrum | right- and left-handed circularly polarized photoluminescence | polarization-resolved intensity,"This is the core instrument family used in the chunks to characterize photoluminescence emission. In the cited work, emitted light is passed through a quarter-wave plate and Wollaston prism into a spectrometer/camera system to measure right- and left-handed circularly polarized emission, which directly addresses circularly polarized emission and spin-valley-related optical characterization.",no_match,no_match,0,,,I am trying to build a TMD laser experiment where I can check for circularly polarized emission and spin-valley selectivity. What instrument family should I use to characterize the emitted light?,,data/interim/pdfs/Atomically_thin_transition_metal_dichalcogenide_nanolasers__Challenges_and_opportunities.pdf,polarization-resolved optical microscope | polarization microscope | polarization-resolved microscope,polarization-resolved PL setup | polarimeter | Stokes polarimetry setup | polarization-resolved optical microscope | polarization microscope | polarization-resolved microscope | PL polarimetry setup | Stokes polarimeter,confocal microscope with polarization optics | spectropolarimeter,beam profiler,SEM | AFM,
decomposition,PET_packaging_barrier,broad_diagnostic,literature_supported_inventory_uncertain,completed,False,1.0,1.0,Byk HazeGuard,byk hazeguard,haze/transmission/clarity meter,best_match,0.98,1.0,1.0,HazeGuard | Byk HazeGuard apparatus,haze | transmission | clarity/brightness,"The query specifically asks about whether a PET replacement can work in transparent packaging despite haze/discoloration concerns. This instrument directly measures haze, which is central to assessing transparency and visual quality.",no_match,no_match,0,,,"We need to evaluate a biobased PET replacement for bottle and film packaging, but the candidate has poor gas barrier performance and also shows haze/discoloration concerns. What physical equipment should we use to measure whether it can actually replace PET in transparent packaging?",,data/interim/pdfs/Recommendations_for_replacing_PET_on_packaging__fiber__and_film_materials_with_biobased_counterparts.pdf,gas permeability tester | haze meter | gas transmission tester | permeation analyzer | haze tester,oxygen permeability analyzer | carbon dioxide permeability analyzer | water vapor transmission rate tester | haze meter | haze tester,permeation analyzer | gas transmission tester | spectrophotometer | gas permeability tester,DSC | polarized optical microscope,FTIR spectrometer | rheometer | HPLC,
decomposition,PET_packaging_barrier,broad_diagnostic,literature_supported_inventory_uncertain,completed,False,1.0,2.0,Konica Minolta Chroma Meter CR-400,konica minolta chroma meter cr 400,colorimeter,best_match,0.95,1.0,1.0,CR-400 | Konica Minolta Chroma meter,L* | a* | b* | ΔE,"The query includes discoloration concerns. A colorimeter directly quantifies color changes that would indicate yellowing, graying, or other discoloration relative to PET.",no_match,no_match,0,,,"We need to evaluate a biobased PET replacement for bottle and film packaging, but the candidate has poor gas barrier performance and also shows haze/discoloration concerns. What physical equipment should we use to measure whether it can actually replace PET in transparent packaging?",,data/interim/pdfs/Recommendations_for_replacing_PET_on_packaging__fiber__and_film_materials_with_biobased_counterparts.pdf,gas permeability tester | haze meter | gas transmission tester | permeation analyzer | haze tester,oxygen permeability analyzer | carbon dioxide permeability analyzer | water vapor transmission rate tester | haze meter | haze tester,permeation analyzer | gas transmission tester | spectrophotometer | gas permeability tester,DSC | polarized optical microscope,FTIR spectrometer | rheometer | HPLC,
decomposition,PET_packaging_barrier,broad_diagnostic,literature_supported_inventory_uncertain,completed,False,1.0,3.0,ATR-FT-IR spectrophotometer,atr ft ir spectrophotometer,infrared spectrophotometer,supporting_but_not_ideal,0.83,1.0,1.0,FT-IR | FT-IR-ATR | ATR-FT-IR spectrofotometrie,IR spectrum | polymer identification | contaminant presence,"This does not directly measure transparency or gas barrier, but it is useful for checking whether the candidate material contains non-PET components or contaminants that could contribute to haze/discoloration and poor performance.",acceptable_alternative,acceptable_alternatives,2,ATR-FT-IR spectrophotometer,spectrophotometer,"We need to evaluate a biobased PET replacement for bottle and film packaging, but the candidate has poor gas barrier performance and also shows haze/discoloration concerns. What physical equipment should we use to measure whether it can actually replace PET in transparent packaging?",,data/interim/pdfs/Recommendations_for_replacing_PET_on_packaging__fiber__and_film_materials_with_biobased_counterparts.pdf,gas permeability tester | haze meter | gas transmission tester | permeation analyzer | haze tester,oxygen permeability analyzer | carbon dioxide permeability analyzer | water vapor transmission rate tester | haze meter | haze tester,permeation analyzer | gas transmission tester | spectrophotometer | gas permeability tester,DSC | polarized optical microscope,FTIR spectrometer | rheometer | HPLC,
decomposition,PET_packaging_barrier,broad_diagnostic,literature_supported_inventory_uncertain,completed,False,1.0,4.0,Differential Scanning Calorimeter,differential scanning calorimeter,thermal analysis instrument,supporting_but_not_ideal,0.76,1.0,1.0,DSC | Perkin Elmer DSC 8000 | differential scanning calorimetry instrument,melting point | melting enthalpy | crystallinity estimate,"This equipment is not a direct test for transparent packaging suitability, gas barrier, or haze. It can, however, support assessment of material structure/crystallinity, which may relate to optical appearance and processability.",supporting_but_not_ideal,supporting_but_not_ideal,1,DSC,DSC,"We need to evaluate a biobased PET replacement for bottle and film packaging, but the candidate has poor gas barrier performance and also shows haze/discoloration concerns. What physical equipment should we use to measure whether it can actually replace PET in transparent packaging?",,data/interim/pdfs/Recommendations_for_replacing_PET_on_packaging__fiber__and_film_materials_with_biobased_counterparts.pdf,gas permeability tester | haze meter | gas transmission tester | permeation analyzer | haze tester,oxygen permeability analyzer | carbon dioxide permeability analyzer | water vapor transmission rate tester | haze meter | haze tester,permeation analyzer | gas transmission tester | spectrophotometer | gas permeability tester,DSC | polarized optical microscope,FTIR spectrometer | rheometer | HPLC,
decomposition,acoustic_particles_diagnostic,method_selection,literature_supported_inventory_uncertain,completed,False,1.0,1.0,rapid electrokinetic patterning system,rapid electrokinetic patterning system,microfluidic electrokinetic manipulation system,best_match,0.98,1.0,1.0,REP | rapid electrokinetic patterning | opto-electric manipulation in microfluidics,cell trapping and deposition | custom cell patterning | microfluidic manipulation,"The chunks explicitly describe REP as a non-contact micro-manipulation tool for fragile biological cells, used to trap and deposit cells in custom patterns. This directly matches the user's need for a label-free, non-contact way to separate, wash, or pattern fragile cells in a microfluidic channel.",no_match,no_match,0,,,"My sample contains fragile cells and I want a non-contact way to separate, wash, or pattern them in a microfluidic channel without relying on labels or physical contact. What equipment should I use?",,data/interim/pdfs/A_concise_review_of_microfluidic_particle_manipulation_methods.pdf,acoustic tweezers system | ultrasonic standing-wave microfluidic system | surface acoustic wave (SAW) microfluidic device,surface acoustic wave microfluidic device | standing-wave acoustic tweezers setup | holographic acoustic tweezers setup | acoustic tweezers system | ultrasonic standing-wave microfluidic system | surface acoustic wave (SAW) microfluidic device,acoustic separation chip | ultrasound standing-wave microfluidic system,hydrodynamic microfluidic separator | dielectrophoresis microfluidic setup | magnetic tweezers microfluidic setup,optical tweezers system | centrifuge | mass spectrometer,
decomposition,acoustic_particles_diagnostic,method_selection,literature_supported_inventory_uncertain,completed,False,1.0,2.0,surface acoustic wave acoustic tweezers,surface acoustic wave acoustic tweezers,acoustofluidic manipulation system,acceptable_alternative,0.86,1.0,3.0,acoustic tweezers | SAW-driven acoustic tweezers | travelling surface acoustic wave tweezers | tri-directional symmetrical acoustic tweezers,cell trapping | trajectory control | particle/cell steering,"The chunks explicitly state that acoustic tweezers provide contactless manipulation and are used to trap and steer cells or microparticles in biological and microfluidic applications. They are relevant to non-contact manipulation, though the provided evidence emphasizes trajectory control and trapping more than washing/separation.",must_have_or_best_match,must_have,3,acoustic tweezers,acoustic tweezers system,"My sample contains fragile cells and I want a non-contact way to separate, wash, or pattern them in a microfluidic channel without relying on labels or physical contact. What equipment should I use?",,data/interim/pdfs/A_concise_review_of_microfluidic_particle_manipulation_methods.pdf,acoustic tweezers system | ultrasonic standing-wave microfluidic system | surface acoustic wave (SAW) microfluidic device,surface acoustic wave microfluidic device | standing-wave acoustic tweezers setup | holographic acoustic tweezers setup | acoustic tweezers system | ultrasonic standing-wave microfluidic system | surface acoustic wave (SAW) microfluidic device,acoustic separation chip | ultrasound standing-wave microfluidic system,hydrodynamic microfluidic separator | dielectrophoresis microfluidic setup | magnetic tweezers microfluidic setup,optical tweezers system | centrifuge | mass spectrometer,
decomposition,afm-grease-microstructure,specific,paper_grounded_local_candidate,completed,False,1.0,1.0,atomic force microscope,atomic force microscope,microscope,best_match,0.81,1.0,1.0,AFM,surface topography | nanoscale morphology | microstructural features,The query asks for nanoscale imaging of fresh lithium grease microstructure to confirm the fibrous thickener network. AFM is explicitly mentioned in the provided chunks as being used for lubricating greases and is the closest physical instrument named for high-resolution microstructural characterization.,must_have_or_best_match,must_have,3,atomic force microscope,atomic force microscope,I need to image the fresh lithium grease microstructure at the nanoscale so I can confirm the fibrous thickener network before doing rheology tests.,10.1007/s11249-024-01878-w,data/interim/pdfs/A_Coarse_Grained_Molecular_Dynamics_Model_for_the_Simulation_of_Lubricating_Greases.pdf,atomic force microscope | AFM,atomic force microscope | AFM,,,optical microscope | rheometer | DSC,
decomposition,afm-grease-microstructure,specific,paper_grounded_local_candidate,completed,False,1.0,2.0,scanning electron microscope,scanning electron microscope,microscope,acceptable_alternative,0.62,1.0,2.0,SEM,micrographs | surface morphology | particle morphology,"SEM is explicitly mentioned in the chunks and is a standard imaging tool for microstructure characterization. However, the provided evidence ties it mainly to nanoparticle morphology and worn surfaces rather than directly to fresh grease nanoscale fibrous network imaging.",no_match,no_match,0,,,I need to image the fresh lithium grease microstructure at the nanoscale so I can confirm the fibrous thickener network before doing rheology tests.,10.1007/s11249-024-01878-w,data/interim/pdfs/A_Coarse_Grained_Molecular_Dynamics_Model_for_the_Simulation_of_Lubricating_Greases.pdf,atomic force microscope | AFM,atomic force microscope | AFM,,,optical microscope | rheometer | DSC,
decomposition,antifouling_01,broad_diagnostic,literature_supported_inventory_uncertain,completed,False,1.0,1.0,QCM-D instrument,qcm d instrument,surface mass/viscoelasticity analyzer,best_match,0.97,1.0,1.0,QCM-D | quartz crystal microbalance with dissipation analysis,adsorbed mass / frequency shift | dissipation / viscoelastic response,"This is directly suitable for verifying whether an antifouling coating prevents protein attachment. The chunk explicitly states that coating formation was confirmed by QCM-D analysis, which is a standard physical instrument for adsorption measurements.",must_have_or_best_match,must_have,3,QCM-D,QCM-D,"I’m screening a new antifouling coating and need to verify whether it actually prevents protein and cell attachment, since the coating is intended to be fouling-resistant rather than biocidal.",,data/interim/pdfs/Recent_Developments_and_Practical_Feasibility_of_Polymer-Based_Antifouling_Coatings.pdf,Quartz crystal microbalance with dissipation monitoring | QCM-D | Quartz crystal microbalance,QCM-D | Surface plasmon resonance | Ellipsometer | Quartz crystal microbalance with dissipation monitoring | Quartz crystal microbalance,Atomic force microscope | Confocal fluorescence microscope | Protein adsorption assay setup,Contact angle goniometer | Zeta potential analyzer | Scanning electron microscope,NMR spectrometer | X-ray diffractometer | Rheometer,
decomposition,dnaJB8-hsp70-fp,specific,paper_grounded_local_candidate,completed,False,1.0,1.0,fluorescence polarization assay setup,fluorescence polarization assay setup,fluorescence analyzer,best_match,0.99,1.0,1.0,FP binding assay | fluorescence polarization instrument | polarization reader,fluorescence polarization signal | binding curves / apparent affinity changes | competition-induced shifts in polarization,"This is the exact assay used to test direct binding of the DnaJB8 J-domain to HspA1A/Hsp70 and to measure whether CTD competes with that interaction. The chunks explicitly describe using FITC-labeled JD, titration with HspA1A, and competition preincubated with CTD.",must_have_or_best_match,must_have,3,polarization reader,fluorescence polarization reader,"A protein biophysics lab wants to test whether a DnaJB8 J-domain construct directly binds Hsp70 and whether the CTD competes with that interaction, using the same physical assay setup as the paper.",10.1038/s41467-021-21147-x,data/interim/pdfs/Regulatory_inter-domain_interactions_influence_Hsp70_recruitment_to_the_DnaJB8_chaperone.pdf,fluorescence polarization reader | plate reader with polarization optics | FP reader | polarization plate reader | fluorescence anisotropy reader,fluorescence polarization reader | plate reader with polarization optics | FP reader | polarization plate reader | fluorescence anisotropy reader,multi-mode plate reader with polarization module | fluorescence anisotropy reader | fluorescence polarization reader | FP reader | polarization plate reader,qPCR instrument | standard absorbance plate reader,circular dichroism instrument | dynamic light scattering plate reader | NMR spectrometer,
decomposition,fmi_system,broad_diagnostic,literature_supported_inventory_uncertain,completed,False,1.0,1.0,fluorescence imaging system,fluorescence imaging system,optical imaging platform,best_match,0.99,1.0,1.0,fluorescence molecular imaging system | fluorescence imaging device | FMI system,fluorescence intensity images | field of view | spatial resolution | depth of field | dynamic range | linearity,"This is the central physical equipment for comparing fluorescence molecular imaging platforms in surgery and interventions. The chunks explicitly state that reporting should cover the imaging device/system, its hardware components, and acquisition parameters such as excitation wavelength, illumination power, detector specs, and user settings.",must_have_or_best_match,must_have,3,fluorescence imaging system,fluorescence imaging system,"I need to compare fluorescence molecular imaging platforms for surgery and interventions, including the hardware and acquisition settings I should report.",,data/interim/pdfs/Reflect__reporting_guidelines_for_preclinical__translational_and_clinical_fluorescence_molecular_imaging_studies.pdf,fluorescence imaging system | fluorescence camera | FMI system | fluorescence-guided surgery system,intraoperative fluorescence imaging system | fluorescence molecular imaging system | fluorescence-guided surgery system | fluorescence imaging system | fluorescence camera | FMI system,fluorescence camera | near-infrared fluorescence imaging system | endoscopic fluorescence imaging system | fluorescence imaging system | FMI system | fluorescence-guided surgery system,RGB camera | standard surgical light source | white light camera,mass spectrometer | CT scanner | confocal microscope,
decomposition,fmi_system,broad_diagnostic,literature_supported_inventory_uncertain,completed,False,1.0,2.0,intraoperative fluorescence-guided surgery system,intraoperative fluorescence guided surgery system,surgical imaging system,best_match,0.93,1.0,2.0,intraoperative fluorescence imaging system | open-field fluorescence guided surgery system,real-time fluorescence visualization | tumor margin delineation | lesion detection | sentinel lymph node mapping,"The query is about surgery and interventions, and the chunks explicitly discuss intraoperative fluorescence imaging for surgical precision and performance reporting. This is a direct clinical platform category relevant to the comparison task.",must_have_or_best_match,must_have,3,intraoperative fluorescence-guided surgery system,fluorescence-guided surgery system,"I need to compare fluorescence molecular imaging platforms for surgery and interventions, including the hardware and acquisition settings I should report.",,data/interim/pdfs/Reflect__reporting_guidelines_for_preclinical__translational_and_clinical_fluorescence_molecular_imaging_studies.pdf,fluorescence imaging system | fluorescence camera | FMI system | fluorescence-guided surgery system,intraoperative fluorescence imaging system | fluorescence molecular imaging system | fluorescence-guided surgery system | fluorescence imaging system | fluorescence camera | FMI system,fluorescence camera | near-infrared fluorescence imaging system | endoscopic fluorescence imaging system | fluorescence imaging system | FMI system | fluorescence-guided surgery system,RGB camera | standard surgical light source | white light camera,mass spectrometer | CT scanner | confocal microscope,
decomposition,fmi_system,broad_diagnostic,literature_supported_inventory_uncertain,completed,False,1.0,3.0,endoscopic fluorescence imaging system,endoscopic fluorescence imaging system,endoscopic imaging system,acceptable_alternative,0.84,1.0,1.0,fluorescence molecular endoscopy system | endoscopic system,fluorescence images | field of view | penetration depth | distortion | spatial resolution,"Endoscopic fluorescence platforms are explicitly mentioned as examples of systems for which hardware and acquisition parameters should be reported. It is relevant to interventions, though not as directly as the general fluorescence imaging system category.",must_have_or_best_match,must_have,3,endoscopic fluorescence imaging system,fluorescence imaging system,"I need to compare fluorescence molecular imaging platforms for surgery and interventions, including the hardware and acquisition settings I should report.",,data/interim/pdfs/Reflect__reporting_guidelines_for_preclinical__translational_and_clinical_fluorescence_molecular_imaging_studies.pdf,fluorescence imaging system | fluorescence camera | FMI system | fluorescence-guided surgery system,intraoperative fluorescence imaging system | fluorescence molecular imaging system | fluorescence-guided surgery system | fluorescence imaging system | fluorescence camera | FMI system,fluorescence camera | near-infrared fluorescence imaging system | endoscopic fluorescence imaging system | fluorescence imaging system | FMI system | fluorescence-guided surgery system,RGB camera | standard surgical light source | white light camera,mass spectrometer | CT scanner | confocal microscope,
decomposition,fmi_system,broad_diagnostic,literature_supported_inventory_uncertain,completed,False,1.0,4.0,camera,camera,detector/imaging component,supporting_but_not_ideal,0.79,1.0,1.0,fluorescence camera | imaging camera,fluorescence image acquisition | gain | exposure time | frame rate | working distance | viewing angle,"The chunks specify camera-related acquisition parameters and positioning as part of reporting. This is relevant hardware, but it is a component of the broader imaging system rather than a stand-alone platform.",must_have_or_best_match,must_have,3,fluorescence camera,fluorescence camera,"I need to compare fluorescence molecular imaging platforms for surgery and interventions, including the hardware and acquisition settings I should report.",,data/interim/pdfs/Reflect__reporting_guidelines_for_preclinical__translational_and_clinical_fluorescence_molecular_imaging_studies.pdf,fluorescence imaging system | fluorescence camera | FMI system | fluorescence-guided surgery system,intraoperative fluorescence imaging system | fluorescence molecular imaging system | fluorescence-guided surgery system | fluorescence imaging system | fluorescence camera | FMI system,fluorescence camera | near-infrared fluorescence imaging system | endoscopic fluorescence imaging system | fluorescence imaging system | FMI system | fluorescence-guided surgery system,RGB camera | standard surgical light source | white light camera,mass spectrometer | CT scanner | confocal microscope,
decomposition,osc_morphology_giwaxs,specific,paper_grounded_local_candidate,completed,False,1.0,1.0,film morphology characterization instrument,film morphology characterization instrument,materials characterization instrument,best_match,0.86,1.0,3.0,morphology characterization setup | film morphology characterizations,film morphology | molecular packing / ordering | phase separation / domain size | crystallinity,"The query asks how to verify changes in active-layer packing and phase segregation. The provided chunks explicitly say these effects were assessed through 'film morphology characterizations' and 'ordered molecular packing' / 'phase separation' in the active layer. However, the chunks do not name a specific physical instrument, only the characterization category, so this is the closest explicit evidence available.",no_match,no_match,0,,,I need to verify whether adding a fullerene additive has changed the active-layer packing and phase segregation in an organic solar-cell blend. What physical instrument should I use?,10.1039/d0ee00714e,data/interim/pdfs/15_34__efficiency_all-small-molecule_organic_solar_cells_with_an_improved_fill_factor_enabled_by_a_fullerene_additive.pdf,grazing-incidence X-ray scattering system | GIWAXS | GISAXS | grazing incident X-ray scattering,grazing-incidence wide-angle X-ray scattering system | GIWAXS setup | grazing-incidence X-ray scattering setup | grazing-incidence X-ray scattering system | GIWAXS | GISAXS | grazing incident X-ray scattering,GISAXS setup | grazing-incidence small-angle X-ray scattering system,atomic force microscope | transmission electron microscope,cyclic voltammetry system | ellipsometer | transient photocurrent measurement setup,
decomposition,pcm_multiple_events,method_selection,literature_supported_inventory_uncertain,completed,False,1.0,1.0,Atom probe tomography system,atom probe tomography system,microscopy / mass spectrometry,best_match,0.99,1.0,2.0,APT | atom probe,multiple-event probability (PME) | probability of molecular ions (PMI) | mass-to-charge spectrum | field evaporation / desorption behavior,"This is the direct instrument used in the provided chunks to study field evaporation, multiple-ion events, and bond rupture in crystalline phase change materials and other solids. It directly measures the phenomenon in the query.",must_have_or_best_match,must_have,3,Atom probe tomography system,atom probe tomography,"I want to test whether a crystalline chalcogenide shows the unusual bond-breaking behavior reported for metavalent materials, especially the high fraction of multiple-ion events during field evaporation.",,data/interim/pdfs/Chalcogenides_by_Design__Functionality_through_Metavalent_Bonding_and_Confinement.pdf,atom probe tomography | APT | 3D atom probe,laser-assisted atom probe tomography | atom probe tomography | APT | 3D atom probe | laser APT | laser atom probe,3D atom probe | field ion microscopy | atom probe tomography | APT,transmission electron microscope | scanning electron microscope,X-ray diffractometer | differential scanning calorimeter | electrical conductivity meter,
decomposition,pef_barrier_measurement,broad_diagnostic,literature_supported_inventory_uncertain,completed,False,1.0,1.0,gas permeability / permeation measurement system,gas permeability permeation measurement system,barrier testing instrument,best_match,0.96,1.0,1.0,gas barrier tester | permeation analyzer,oxygen permeability | carbon dioxide permeability | permeation performance,"The query asks for direct measurements of oxygen and CO2 barrier performance for a PEF film versus PET. The chunks explicitly discuss experimental assessment of permeation performance and oxygen/carbon dioxide barrier properties, which points to a gas permeability/permeation testing instrument as the needed specialized equipment.",no_match,no_match,0,,,"I need to compare a new PEF film against PET because the packaging team says oxygen and CO2 barrier performance is the key differentiator, but we need direct measurements to confirm it.",,data/interim/pdfs/A_Perspective_on_PEF_Synthesis__Properties__and_End-Life.pdf,gas permeability analyzer | permeation tester | gas permeameter,oxygen permeability tester | carbon dioxide permeability tester | gas permeability analyzer | permeation tester | gas permeameter | O2 permeation tester | CO2 permeation tester,gas sorption analyzer | manometric gas permeameter,DSC | tensile tester,NIR sorter | LC-MS/MS,
decomposition,small_vesicle_nanomech,method_selection,,completed,,,,,,,,,,,,,,no_equipment_returned,,0,,,,,,,,,,,
decomposition,sr3fe2o7_neutron_diffraction_setup,specific,paper_grounded_local_candidate,completed,False,1.0,1.0,single-crystal time-of-flight neutron diffractometer SENJU,single crystal time of flight neutron diffractometer senju,neutron diffraction instrument,best_match,0.98,1.0,1.0,"SENJU | time-of-flight single-crystal neutron diffraction setup | single-crystal neutron diffractometer at MLF, J-PARC",magnetic Bragg reflections | reciprocal-space maps | diffraction intensity maps | propagation vectors,This instrument is explicitly described as being used for wide reciprocal-space mapping and for observing magnetic reflections after cooling. That directly matches the user's need to determine magnetic Bragg reflections and reciprocal-space maps for a single-crystal magnetic material.,must_have_or_best_match,best_match,3,single-crystal time-of-flight neutron diffractometer SENJU,neutron diffractometer,I need to determine magnetic Bragg reflections and reciprocal-space maps for a single-crystal magnetic material after field cooling. What physical instrument/setup was used for the diffraction measurement?,10.1038/s41535-024-00698-4,data/interim/pdfs/Reentrant_multiple-q_magnetic_order_and_a__spin_meta-cholesteric__phase_in_Sr3Fe2O7.pdf,ZEBRA diffractometer | ZEBRA,single-crystal neutron diffractometer | neutron diffractometer | ZEBRA diffractometer | ZEBRA,ZEBRA | single-crystal neutron diffraction setup | ZEBRA diffractometer,2D-detector neutron diffraction setup | vertical focusing neutron diffraction setup,triple-axis spectrometer | time-of-flight spectrometer | vibrating-sample magnetometer,
decomposition,sr3fe2o7_neutron_diffraction_setup,specific,paper_grounded_local_candidate,completed,False,1.0,2.0,thermal triple-axis spectrometer TAS-1,thermal triple axis spectrometer tas 1,neutron triple-axis spectrometer,acceptable_alternative,0.88,1.0,1.0,TAS-1 | polarized triple-axis spectrometer,polarized neutron diffraction intensities | nuclear Bragg reflections | magnetic superlattice reflections,"This setup was used for further investigations of magnetic reflections and includes a Bragg reflection used for polarization calibration. It is relevant to diffraction on the same crystal, but it is less directly suited to reciprocal-space mapping than the TOF Laue setup.",no_match,no_match,0,,,I need to determine magnetic Bragg reflections and reciprocal-space maps for a single-crystal magnetic material after field cooling. What physical instrument/setup was used for the diffraction measurement?,10.1038/s41535-024-00698-4,data/interim/pdfs/Reentrant_multiple-q_magnetic_order_and_a__spin_meta-cholesteric__phase_in_Sr3Fe2O7.pdf,ZEBRA diffractometer | ZEBRA,single-crystal neutron diffractometer | neutron diffractometer | ZEBRA diffractometer | ZEBRA,ZEBRA | single-crystal neutron diffraction setup | ZEBRA diffractometer,2D-detector neutron diffraction setup | vertical focusing neutron diffraction setup,triple-axis spectrometer | time-of-flight spectrometer | vibrating-sample magnetometer,
decomposition,sr3fe2o7_neutron_diffraction_setup,specific,paper_grounded_local_candidate,completed,False,1.0,3.0,single-crystal neutron diffractometer POLI,single crystal neutron diffractometer poli,neutron diffractometer,acceptable_alternative,0.84,1.0,1.0,POLI | single-crystal neutron diffraction setup | hot-neutron single-crystal diffractometer,magnetic Bragg reflections | thermal evolution of diffraction peaks | magnetic satellites,"The query asks about the physical instrument/setup used for diffraction measurement. POLI was explicitly used for non-polarized diffraction to study magnetic Bragg reflections, though the chunk does not indicate reciprocal-space mapping as clearly as SENJU does.",must_have_or_best_match,best_match,3,single-crystal neutron diffractometer POLI,single-crystal neutron diffractometer,I need to determine magnetic Bragg reflections and reciprocal-space maps for a single-crystal magnetic material after field cooling. What physical instrument/setup was used for the diffraction measurement?,10.1038/s41535-024-00698-4,data/interim/pdfs/Reentrant_multiple-q_magnetic_order_and_a__spin_meta-cholesteric__phase_in_Sr3Fe2O7.pdf,ZEBRA diffractometer | ZEBRA,single-crystal neutron diffractometer | neutron diffractometer | ZEBRA diffractometer | ZEBRA,ZEBRA | single-crystal neutron diffraction setup | ZEBRA diffractometer,2D-detector neutron diffraction setup | vertical focusing neutron diffraction setup,triple-axis spectrometer | time-of-flight spectrometer | vibrating-sample magnetometer,
decomposition,sr3fe2o7_neutron_diffraction_setup,specific,paper_grounded_local_candidate,completed,False,1.0,4.0,thermal neutron diffractometer TriCS,thermal neutron diffractometer trics,neutron diffractometer,acceptable_alternative,0.79,1.0,1.0,TriCS | thermal neutron diffractometer,Bragg reflections | hkl scans | instrumental resolution around reciprocal-space points,"TriCS was used for hkl scans and reflection measurements on a single crystal, which is relevant to diffraction-based magnetic structure work. However, the chunk emphasizes selected reflection scans rather than broad reciprocal-space mapping.",must_have_or_best_match,best_match,3,thermal neutron diffractometer TriCS,neutron diffractometer,I need to determine magnetic Bragg reflections and reciprocal-space maps for a single-crystal magnetic material after field cooling. What physical instrument/setup was used for the diffraction measurement?,10.1038/s41535-024-00698-4,data/interim/pdfs/Reentrant_multiple-q_magnetic_order_and_a__spin_meta-cholesteric__phase_in_Sr3Fe2O7.pdf,ZEBRA diffractometer | ZEBRA,single-crystal neutron diffractometer | neutron diffractometer | ZEBRA diffractometer | ZEBRA,ZEBRA | single-crystal neutron diffraction setup | ZEBRA diffractometer,2D-detector neutron diffraction setup | vertical focusing neutron diffraction setup,triple-axis spectrometer | time-of-flight spectrometer | vibrating-sample magnetometer,
decomposition,sr3fe2o7_neutron_diffraction_setup,specific,paper_grounded_local_candidate,completed,False,1.0,5.0,cold triple-axis spectrometer RITA-II,cold triple axis spectrometer rita ii,neutron triple-axis spectrometer,acceptable_alternative,0.77,1.0,1.0,RITA-II | cold triple-axis spectrometer | PSD-based triple-axis neutron diffraction setup,diffraction pattern | field dependence of a reflection | elastic scattering signal,"This setup was used to measure a diffraction pattern and field dependence of a magnetic reflection on a single crystal. It is relevant, but it is not the clearest match for reciprocal-space mapping after field cooling.",no_match,no_match,0,,,I need to determine magnetic Bragg reflections and reciprocal-space maps for a single-crystal magnetic material after field cooling. What physical instrument/setup was used for the diffraction measurement?,10.1038/s41535-024-00698-4,data/interim/pdfs/Reentrant_multiple-q_magnetic_order_and_a__spin_meta-cholesteric__phase_in_Sr3Fe2O7.pdf,ZEBRA diffractometer | ZEBRA,single-crystal neutron diffractometer | neutron diffractometer | ZEBRA diffractometer | ZEBRA,ZEBRA | single-crystal neutron diffraction setup | ZEBRA diffractometer,2D-detector neutron diffraction setup | vertical focusing neutron diffraction setup,triple-axis spectrometer | time-of-flight spectrometer | vibrating-sample magnetometer,
decomposition,subcellular_lipid_map,broad_diagnostic,literature_supported_inventory_uncertain,completed,False,1.0,1.0,Secondary-ion mass spectrometer with gas-cluster ion beam and time-of-flight analyzer,secondary ion mass spectrometer with gas cluster ion beam and time of flight analyzer,mass spectrometry imaging instrument,best_match,0.99,1.0,1.0,direct current beam buncher-time-of-flight secondary-ion mass spectrometry | TOF-SIMS | secondary-ion mass spectrometry | gas-cluster ion beam SIMS,subcellular spatial distribution maps | lipid ion images for cardiolipin and phosphatidylethanolamine,"This instrument is explicitly reported to image cardiolipins and phosphatidylethanolamines at the subcellular level. The abstract states it was developed for high spatial resolution and used to assess PE and CL in subcellular compartments of cells and tissue, directly matching the user's need to visualize these lipids in individual cells and organelles.",must_have_or_best_match,must_have,3,TOF-SIMS,GCIB-ToF-SIMS,"I need to visualize cardiolipins and phosphatidylethanolamines at the subcellular level in individual cells and organelles, not just in whole tissue sections.",,data/interim/pdfs/Redox_phospholipidomics_of_enzymatically_generated_oxygenated_phospholipids_as_specific_signals_of_programmed_cell_death.pdf,gas-cluster ion beam time-of-flight secondary-ion mass spectrometer | GCIB-ToF-SIMS | ToF-SIMS,3D OrbiSIMS | ToF-SIMS with gas-cluster ion beam | gas-cluster ion beam time-of-flight secondary-ion mass spectrometer | GCIB-ToF-SIMS | ToF-SIMS | OrbiSIMS,secondary-ion mass spectrometer | SIMS imaging system,MALDI imaging mass spectrometer,fluorescence microscope | triple quadrupole LC-MS/MS,
decomposition,subcellular_lipid_map,broad_diagnostic,literature_supported_inventory_uncertain,completed,False,1.0,2.0,Stimulated Raman scattering microscope,stimulated raman scattering microscope,optical imaging microscope,acceptable_alternative,0.87,1.0,1.0,SRS microscope | PRM-SRS microscopy platform,subcellular lipid subtype images | hyperspectral Raman similarity maps | relative lipid distribution/ratio images,"The chunks explicitly state that PRM-SRS microscopy visualizes subcellular distributions of cardiolipin and can visualize multiple lipid subtypes in cells with subcellular resolution. It is relevant for subcellular lipid imaging, but the evidence shown is stronger for cardiolipin than for phosphatidylethanolamine specifically, so it is not as direct a match as SIMS for the full query.",no_match,no_match,0,,,"I need to visualize cardiolipins and phosphatidylethanolamines at the subcellular level in individual cells and organelles, not just in whole tissue sections.",,data/interim/pdfs/Redox_phospholipidomics_of_enzymatically_generated_oxygenated_phospholipids_as_specific_signals_of_programmed_cell_death.pdf,gas-cluster ion beam time-of-flight secondary-ion mass spectrometer | GCIB-ToF-SIMS | ToF-SIMS,3D OrbiSIMS | ToF-SIMS with gas-cluster ion beam | gas-cluster ion beam time-of-flight secondary-ion mass spectrometer | GCIB-ToF-SIMS | ToF-SIMS | OrbiSIMS,secondary-ion mass spectrometer | SIMS imaging system,MALDI imaging mass spectrometer,fluorescence microscope | triple quadrupole LC-MS/MS,
decomposition,subcellular_lipid_map,broad_diagnostic,literature_supported_inventory_uncertain,completed,False,1.0,3.0,Transmission-geometry ambient laser desorption and plasma ionisation mass spectrometry imaging system,transmission geometry ambient laser desorption and plasma ionisation mass spectrometry imaging system,mass spectrometry imaging instrument,supporting_but_not_ideal,0.73,1.0,1.0,t-MALDI-P MSI | subcellular mass spectrometry imaging system,single-cell and subcellular lipid ion images | pixel-resolved lipid profiles,"The provided chunks show subcellular and single-cell mass spectrometry imaging of lipids, including PE, but the evidence does not explicitly show cardiolipin visualization in the excerpts. It is relevant to the general subcellular lipid-imaging problem, but less directly aligned to the specific CL and PE target set than the SIMS instrument.",no_match,no_match,0,,,"I need to visualize cardiolipins and phosphatidylethanolamines at the subcellular level in individual cells and organelles, not just in whole tissue sections.",,data/interim/pdfs/Redox_phospholipidomics_of_enzymatically_generated_oxygenated_phospholipids_as_specific_signals_of_programmed_cell_death.pdf,gas-cluster ion beam time-of-flight secondary-ion mass spectrometer | GCIB-ToF-SIMS | ToF-SIMS,3D OrbiSIMS | ToF-SIMS with gas-cluster ion beam | gas-cluster ion beam time-of-flight secondary-ion mass spectrometer | GCIB-ToF-SIMS | ToF-SIMS | OrbiSIMS,secondary-ion mass spectrometer | SIMS imaging system,MALDI imaging mass spectrometer,fluorescence microscope | triple quadrupole LC-MS/MS,
decomposition,summit-noci-001,specific,paper_grounded_local_candidate,completed,False,1.0,1.0,Summit supercomputer,summit supercomputer,supercomputer / HPC system,best_match,0.98,1.0,2.0,Oak Ridge Leadership Computing Facility Summit | 200PF Summit supercomputer | NVIDIA Volta-accelerated Summit,matrix-element calculations | nonorthogonal configuration interaction calculations,"The chunks explicitly state that GronOR was developed and benchmarked on Summit, described as the successor 200PF supercomputer with NVIDIA Volta accelerators at Oak Ridge. This directly answers which physical computing system was used for the calculations.",supporting_but_not_ideal,supporting_but_not_ideal,1,Oak Ridge Leadership Computing Facility Summit,Oak Ridge Leadership Computing Facility,Which physical computing system did the authors use to run the GronOR nonorthogonal configuration interaction matrix-element calculations?,10.1021/acs.jctc.9b01144,data/interim/pdfs/Reduced_Common_Molecular_Orbital_Basis_for_Nonorthogonal_Configuration_Interaction.pdf,,,Summit,Oak Ridge Leadership Computing Facility,GAMESS-UK package | GronOR code | GPU cluster,
decomposition,summit-noci-001,specific,paper_grounded_local_candidate,completed,False,1.0,2.0,Titan supercomputer,titan supercomputer,supercomputer / HPC system,acceptable_alternative,0.74,1.0,1.0,27PF Titan supercomputer | NVIDIA Kepler-accelerated Titan,nonorthogonal configuration interaction calculations,"It is explicitly mentioned as the system where the first version of GronOR was developed, but the query asks which system the authors used to run the calculations, and Summit is the clearer match in the provided evidence.",no_match,no_match,0,,,Which physical computing system did the authors use to run the GronOR nonorthogonal configuration interaction matrix-element calculations?,10.1021/acs.jctc.9b01144,data/interim/pdfs/Reduced_Common_Molecular_Orbital_Basis_for_Nonorthogonal_Configuration_Interaction.pdf,,,Summit,Oak Ridge Leadership Computing Facility,GAMESS-UK package | GronOR code | GPU cluster,
decomposition,tdEV_identity_multimodal,method_selection,literature_supported_inventory_uncertain,completed,False,1.0,1.0,atomic force microscope,atomic force microscope,scanning probe microscope,best_match,0.98,1.0,4.0,AFM | atomic force microscopy,morphology | size/height/aspect ratio | mechanical properties / nanomechanical attributes | force-separation curves,"The chunks explicitly show AFM being used to visualize EV morphology, measure size/height/aspect ratio, and assess mechanical properties such as deformability via force-based modes and nanoindentation. This directly matches the user's need to confirm morphology, size, and deformability on a functionalized substrate.",supporting_but_not_ideal,supporting_but_not_ideal,1,atomic force microscope,atomic force microscope,"I have captured extracellular vesicles on a functionalized substrate and want to confirm their morphology, size, deformability, and chemical identity rather than relying on a single readout. What instrument setup should I use?",,data/interim/pdfs/Cancer-id__Toward_identification_of_cancer_by_tumor-derived_extracellular_vesicles_in_blood.pdf,AFM-SEM-Raman setup | correlative AFM-SEM-Raman platform,"correlative AFM, SEM, and Raman microscope setup | multimodal AFM/SEM/Raman instrument | AFM-SEM-Raman setup | correlative AFM-SEM-Raman platform | correlative microscopy platform",AFM plus SEM plus Raman microspectroscopy | correlative microscopy platform | multimodal AFM/SEM/Raman instrument,TEM | Raman microscope | atomic force microscope,flow cytometer | NTA | DSC,
decomposition,tdEV_identity_multimodal,method_selection,literature_supported_inventory_uncertain,completed,False,1.0,2.0,peak force quantitative nanomechanical mapping AFM mode,peak force quantitative nanomechanical mapping afm mode,AFM mode / nanomechanical mapping setup,best_match,0.93,1.0,1.0,PF-QNM | PeakForce QNM,topography | mechanical property maps | nanomechanical parameters,"The user asks for deformability in addition to morphology and size. The chunks explicitly identify PF-QNM as a complementary method for nanomechanical parameters, making it highly relevant for deformability assessment.",no_match,no_match,0,,,"I have captured extracellular vesicles on a functionalized substrate and want to confirm their morphology, size, deformability, and chemical identity rather than relying on a single readout. What instrument setup should I use?",,data/interim/pdfs/Cancer-id__Toward_identification_of_cancer_by_tumor-derived_extracellular_vesicles_in_blood.pdf,AFM-SEM-Raman setup | correlative AFM-SEM-Raman platform,"correlative AFM, SEM, and Raman microscope setup | multimodal AFM/SEM/Raman instrument | AFM-SEM-Raman setup | correlative AFM-SEM-Raman platform | correlative microscopy platform",AFM plus SEM plus Raman microspectroscopy | correlative microscopy platform | multimodal AFM/SEM/Raman instrument,TEM | Raman microscope | atomic force microscope,flow cytometer | NTA | DSC,
decomposition,tdEV_identity_multimodal,method_selection,literature_supported_inventory_uncertain,completed,False,1.0,3.0,nanoindentation setup using AFM,nanoindentation setup using afm,mechanical testing setup,best_match,0.91,1.0,1.0,AFM nanoindentation | nanoindentation,force-separation curves | stiffness / elastic response | deformability-related mechanical parameters,"Nanoindentation is explicitly used in the chunks for nanomechanical characterization of EVs. It directly supports the user's deformability requirement, though it is narrower than full multimodal imaging.",no_match,no_match,0,,,"I have captured extracellular vesicles on a functionalized substrate and want to confirm their morphology, size, deformability, and chemical identity rather than relying on a single readout. What instrument setup should I use?",,data/interim/pdfs/Cancer-id__Toward_identification_of_cancer_by_tumor-derived_extracellular_vesicles_in_blood.pdf,AFM-SEM-Raman setup | correlative AFM-SEM-Raman platform,"correlative AFM, SEM, and Raman microscope setup | multimodal AFM/SEM/Raman instrument | AFM-SEM-Raman setup | correlative AFM-SEM-Raman platform | correlative microscopy platform",AFM plus SEM plus Raman microspectroscopy | correlative microscopy platform | multimodal AFM/SEM/Raman instrument,TEM | Raman microscope | atomic force microscope,flow cytometer | NTA | DSC,
decomposition,tdEV_identity_multimodal,method_selection,literature_supported_inventory_uncertain,completed,False,1.0,4.0,cryogenic transmission electron microscope,cryogenic transmission electron microscope,electron microscope,acceptable_alternative,0.84,1.0,1.0,cryo-TEM | cryogenic electron microscopy | cryo-electron microscopy,ultrastructure | morphology | membrane structure | size,"The chunks explicitly show cryo-TEM being used together with AFM to identify EV morphology and distinguish structural subpopulations. It is useful for morphology and size/structural detail, but it does not address deformability as directly as AFM.",no_match,no_match,0,,,"I have captured extracellular vesicles on a functionalized substrate and want to confirm their morphology, size, deformability, and chemical identity rather than relying on a single readout. What instrument setup should I use?",,data/interim/pdfs/Cancer-id__Toward_identification_of_cancer_by_tumor-derived_extracellular_vesicles_in_blood.pdf,AFM-SEM-Raman setup | correlative AFM-SEM-Raman platform,"correlative AFM, SEM, and Raman microscope setup | multimodal AFM/SEM/Raman instrument | AFM-SEM-Raman setup | correlative AFM-SEM-Raman platform | correlative microscopy platform",AFM plus SEM plus Raman microspectroscopy | correlative microscopy platform | multimodal AFM/SEM/Raman instrument,TEM | Raman microscope | atomic force microscope,flow cytometer | NTA | DSC,
decomposition,tdEV_identity_multimodal,method_selection,literature_supported_inventory_uncertain,completed,False,1.0,5.0,AFM-IR,afm ir,hyphenated microscopy-spectroscopy system,acceptable_alternative,0.62,1.0,1.0,resonance enhanced atomic force microscope infrared spectroscopy | atomic force microscope infrared spectroscopy,nanoscale structural composition | chemical/infrared spectral information,"This is relevant to chemical identity because the chunk explicitly says AFM-IR identifies nanoscale structural composition of EVs. However, evidence is only from tldr_metadata, so it is weaker than the AFM evidence and should be treated cautiously.",supporting_but_not_ideal,supporting_but_not_ideal,1,resonance enhanced atomic force microscope infrared spectroscopy,atomic force microscope,"I have captured extracellular vesicles on a functionalized substrate and want to confirm their morphology, size, deformability, and chemical identity rather than relying on a single readout. What instrument setup should I use?",,data/interim/pdfs/Cancer-id__Toward_identification_of_cancer_by_tumor-derived_extracellular_vesicles_in_blood.pdf,AFM-SEM-Raman setup | correlative AFM-SEM-Raman platform,"correlative AFM, SEM, and Raman microscope setup | multimodal AFM/SEM/Raman instrument | AFM-SEM-Raman setup | correlative AFM-SEM-Raman platform | correlative microscopy platform",AFM plus SEM plus Raman microspectroscopy | correlative microscopy platform | multimodal AFM/SEM/Raman instrument,TEM | Raman microscope | atomic force microscope,flow cytometer | NTA | DSC,
decomposition,tdEV_identity_multimodal,method_selection,literature_supported_inventory_uncertain,completed,False,1.0,6.0,nanoparticle tracking analysis system,nanoparticle tracking analysis system,particle sizing instrument,supporting_but_not_ideal,0.88,1.0,2.0,NTA | Nanoparticle Tracking Analysis,particle size distribution | concentration,"NTA is explicitly used in the chunks for EV size distribution, but it does not evaluate captured EV morphology or deformability on a substrate and is not a chemical-identity tool.",no_match,no_match,0,,,"I have captured extracellular vesicles on a functionalized substrate and want to confirm their morphology, size, deformability, and chemical identity rather than relying on a single readout. What instrument setup should I use?",,data/interim/pdfs/Cancer-id__Toward_identification_of_cancer_by_tumor-derived_extracellular_vesicles_in_blood.pdf,AFM-SEM-Raman setup | correlative AFM-SEM-Raman platform,"correlative AFM, SEM, and Raman microscope setup | multimodal AFM/SEM/Raman instrument | AFM-SEM-Raman setup | correlative AFM-SEM-Raman platform | correlative microscopy platform",AFM plus SEM plus Raman microspectroscopy | correlative microscopy platform | multimodal AFM/SEM/Raman instrument,TEM | Raman microscope | atomic force microscope,flow cytometer | NTA | DSC,
decomposition,tdEV_identity_multimodal,method_selection,literature_supported_inventory_uncertain,completed,False,1.0,7.0,flow cytometer,flow cytometer,particle analysis instrument,supporting_but_not_ideal,0.71,1.0,1.0,flow cytometry,immunophenotype / marker-based identity,"The chunks mention flow cytometry as a confirmation method for EV identity, but it does not directly address morphology, size, or deformability on a captured substrate. It is supportive for chemical/marker identity only.",no_match,no_match,0,,,"I have captured extracellular vesicles on a functionalized substrate and want to confirm their morphology, size, deformability, and chemical identity rather than relying on a single readout. What instrument setup should I use?",,data/interim/pdfs/Cancer-id__Toward_identification_of_cancer_by_tumor-derived_extracellular_vesicles_in_blood.pdf,AFM-SEM-Raman setup | correlative AFM-SEM-Raman platform,"correlative AFM, SEM, and Raman microscope setup | multimodal AFM/SEM/Raman instrument | AFM-SEM-Raman setup | correlative AFM-SEM-Raman platform | correlative microscopy platform",AFM plus SEM plus Raman microspectroscopy | correlative microscopy platform | multimodal AFM/SEM/Raman instrument,TEM | Raman microscope | atomic force microscope,flow cytometer | NTA | DSC,
decomposition,tmd_spin_valley_laser,method_selection,literature_supported_inventory_uncertain,completed,False,1.0,1.0,spectrometer,spectrometer,optical emission spectroscopy instrument,best_match,0.97,1.0,2.0,photoluminescence spectrometer | PL spectrometer | Andor Kymera 193i,emission spectrum | wavelength-dependent intensity,"The query asks what instrument family should be used to characterize emitted light in a TMD laser experiment. A spectrometer is directly suitable for measuring emission spectra and, when combined with polarization optics, can support circularly polarized photoluminescence characterization relevant to spin-valley selectivity.",no_match,no_match,0,,,I am trying to build a TMD laser experiment where I can check for circularly polarized emission and spin-valley selectivity. What instrument family should I use to characterize the emitted light?,,data/interim/pdfs/Atomically_thin_transition_metal_dichalcogenide_nanolasers__Challenges_and_opportunities.pdf,polarization-resolved optical microscope | polarization microscope | polarization-resolved microscope,polarization-resolved PL setup | polarimeter | Stokes polarimetry setup | polarization-resolved optical microscope | polarization microscope | polarization-resolved microscope | PL polarimetry setup | Stokes polarimeter,confocal microscope with polarization optics | spectropolarimeter,beam profiler,SEM | AFM,
decomposition,tmd_spin_valley_laser,method_selection,literature_supported_inventory_uncertain,completed,False,1.0,2.0,circularly polarized photoluminescence imaging system,circularly polarized photoluminescence imaging system,polarization-resolved optical imaging system,acceptable_alternative,0.92,1.0,1.0,TECPPL imaging system | tip-enhanced circularly polarized photoluminescence imaging,circular polarization degree | spatially resolved valley polarization | photoluminescence intensity map,"This is highly relevant to spin-valley-selective emission characterization in TMDs and directly targets valley polarization, but it is a specialized imaging approach rather than the broad instrument family most generally used to characterize emitted light.",no_match,no_match,0,,,I am trying to build a TMD laser experiment where I can check for circularly polarized emission and spin-valley selectivity. What instrument family should I use to characterize the emitted light?,,data/interim/pdfs/Atomically_thin_transition_metal_dichalcogenide_nanolasers__Challenges_and_opportunities.pdf,polarization-resolved optical microscope | polarization microscope | polarization-resolved microscope,polarization-resolved PL setup | polarimeter | Stokes polarimetry setup | polarization-resolved optical microscope | polarization microscope | polarization-resolved microscope | PL polarimetry setup | Stokes polarimeter,confocal microscope with polarization optics | spectropolarimeter,beam profiler,SEM | AFM,
decomposition,tmd_spin_valley_laser,method_selection,literature_supported_inventory_uncertain,completed,False,1.0,3.0,scientific complementary metal-oxide semiconductor camera,scientific complementary metal oxide semiconductor camera,scientific imaging detector,supporting_but_not_ideal,0.82,1.0,2.0,sCMOS camera | Andor Zyla 5.5,2D optical images | detected emission intensity,"This detector is mentioned as part of the emission-collection setup, but by itself it does not characterize circular polarization or spin-valley selectivity. It supports emission measurement rather than directly solving the query.",no_match,no_match,0,,,I am trying to build a TMD laser experiment where I can check for circularly polarized emission and spin-valley selectivity. What instrument family should I use to characterize the emitted light?,,data/interim/pdfs/Atomically_thin_transition_metal_dichalcogenide_nanolasers__Challenges_and_opportunities.pdf,polarization-resolved optical microscope | polarization microscope | polarization-resolved microscope,polarization-resolved PL setup | polarimeter | Stokes polarimetry setup | polarization-resolved optical microscope | polarization microscope | polarization-resolved microscope | PL polarimetry setup | Stokes polarimeter,confocal microscope with polarization optics | spectropolarimeter,beam profiler,SEM | AFM,
