original_query,used_decomposition,num_subproblems_run,rank,equipment_name,equipment_type,best_relevance_label,max_confidence_score,num_supporting_subproblems,num_supporting_papers,supporting_subproblem_ids,aliases,measurement_outputs,explanations,supporting_papers
I work at Polyvation. We are developing a new PEEK variant for medical grade purposes. The material is much softer than expected. Why could this be happening and which equipment could support the analysis?,True,4,1,differential scanning calorimeter,thermal analysis instrument,best_match,0.99,1,3,crystallinity_and_thermal_transitions,DSC,melting enthalpy | melting temperature | glass transition temperature | crystallinity estimate,"Directly assesses melting behavior, glass transition behavior, and crystallinity-related thermal transitions in PEEK and related variants, making it one of the best tools for comparing the variant with the expected material.",Comparison and analysis of measurements for crystallinity of PEEK and CF/PEEK composites (10.1002/pc.29418) | The prediction of the effects of non-isothermal molding/reprocessing on the crystallinity and mechanical properties of PEEK and CF/PEEK (10.1038/s41598-025-01018-x) | Investigating the tensile properties and crystallinity of 3D-printed poly (ether ether ketone)/poly (ether imide) [PEEK/PEI] blend in the Z-direction by fused filament fabrication (10.1007/s40964-024-00754-2)
I work at Polyvation. We are developing a new PEEK variant for medical grade purposes. The material is much softer than expected. Why could this be happening and which equipment could support the analysis?,True,4,2,x-ray diffractometer,structural characterization instrument,best_match,0.99,1,2,crystallinity_and_thermal_transitions,XRD | in situ X-ray Diffraction,diffraction patterns | peak positions | crystalline ordering | crystallinity estimate,Directly relevant for determining degree of crystalline ordering and crystallinity differences in PEEK variants by analyzing diffraction patterns and peak structure.,Comparison and analysis of measurements for crystallinity of PEEK and CF/PEEK composites (10.1002/pc.29418) | New strategy based on crystallinity control in enhancing the flexural strength of drilled CF/PEEK composite laminate (10.1002/pc.29734)
I work at Polyvation. We are developing a new PEEK variant for medical grade purposes. The material is much softer than expected. Why could this be happening and which equipment could support the analysis?,True,4,3,scanning electron microscope,electron microscope / surface imaging instrument,best_match,0.98,1,2,morphology_and_phase_separation,SEM,surface morphology images | fracture-surface defect visualization | presence of pores/microcracks/irregularities,"SEM is directly suitable for identifying morphological defects such as voids, pores, microcracks, and fracture-surface features in PEEK that could indicate phase separation or poor filler dispersion.",Advantages and feasibility of prefabricated PEEK crowns for aesthetic restoration in primary teeth (10.1038/s41598-024-79306-1) | Influence of gamma irradiation-induced surface oxidation on tribological property of polyetheretherketone (PEEK) (10.1007/s00289-021-03825-4)
I work at Polyvation. We are developing a new PEEK variant for medical grade purposes. The material is much softer than expected. Why could this be happening and which equipment could support the analysis?,True,4,4,Fourier Transform Infrared Spectroscopy (FTIR) system,spectroscopy instrument,best_match,0.98,1,1,chemical_composition_and_molecular_integrity,FTIR | Thermo Nicolet iS10 | ATR-FTIR | Attenuated Total Reflectance FTIR,infrared absorption spectra | functional group / chemical signature differences | evidence of residual contaminants or chemical changes,"This is directly relevant for checking whether the chemical composition or contamination profile differs from intended medical-grade PEEK. The chunks explicitly state that chemical analysis was performed by FTIR, and that it was used on PEEK samples before and after processing.",Chemical and Thermal Evaluation of Commercial and Medical Grade PEEK Sterilization by Ethylene Oxide (10.1590/1980-5373-MR-2015-0200)
I work at Polyvation. We are developing a new PEEK variant for medical grade purposes. The material is much softer than expected. Why could this be happening and which equipment could support the analysis?,True,4,5,Thermogravimetric analysis instrument,thermal analysis instrument,best_match,0.97,1,1,chemical_composition_and_molecular_integrity,TGA | Shimadzu TGA-50 | thermogravimetric analyzer,mass loss vs temperature | residual volatile contamination signal | thermal degradation profile,"The query asks about contamination profile and chemical differences. The chunks explicitly say TGA was used to monitor residual ethylene oxide in PEEK samples and assess degradation. That makes it highly relevant for contamination profiling, though it does not directly measure molecular weight or branching.",Chemical and Thermal Evaluation of Commercial and Medical Grade PEEK Sterilization by Ethylene Oxide (10.1590/1980-5373-MR-2015-0200)
I work at Polyvation. We are developing a new PEEK variant for medical grade purposes. The material is much softer than expected. Why could this be happening and which equipment could support the analysis?,True,4,6,confocal laser scanning microscope,optical 3D surface imaging microscope,acceptable_alternative,0.86,1,1,morphology_and_phase_separation,CLSM | confocal laser scanning microscopy,3D micromorphology | surface roughness (Sa) | topography maps,"CLSM can help assess surface topography and detect roughness-related morphological irregularities, but it is less direct than SEM for internal phase-separated domains or subsurface voids.",Advantages and feasibility of prefabricated PEEK crowns for aesthetic restoration in primary teeth (10.1038/s41598-024-79306-1)
I work at Polyvation. We are developing a new PEEK variant for medical grade purposes. The material is much softer than expected. Why could this be happening and which equipment could support the analysis?,True,4,7,dynamic mechanical analyzer,mechanical thermal analysis instrument,acceptable_alternative,0.84,1,1,crystallinity_and_thermal_transitions,DMA,storage modulus | loss modulus | tan delta | glass transition temperature,"Relevant to glass transition behavior, but it is less direct than DSC for the full set of requested properties and is not explicitly described as measuring crystallinity in the chunks.",Investigating the tensile properties and crystallinity of 3D-printed poly (ether ether ketone)/poly (ether imide) [PEEK/PEI] blend in the Z-direction by fused filament fabrication (10.1007/s40964-024-00754-2)
I work at Polyvation. We are developing a new PEEK variant for medical grade purposes. The material is much softer than expected. Why could this be happening and which equipment could support the analysis?,True,4,8,Differential scanning calorimetry instrument,thermal analysis instrument,supporting_but_not_ideal,0.84,1,1,chemical_composition_and_molecular_integrity,DSC | Shimadzu DSC-50 | differential scanning calorimeter,melting enthalpy | crystallinity index | thermal transition temperatures,"DSC is useful for assessing crystallinity and thermal history of PEEK, which can relate to processing differences, but it does not directly answer molecular weight, branching, crosslinking, or contamination as well as FTIR/TGA do.",Chemical and Thermal Evaluation of Commercial and Medical Grade PEEK Sterilization by Ethylene Oxide (10.1590/1980-5373-MR-2015-0200)
I work at Polyvation. We are developing a new PEEK variant for medical grade purposes. The material is much softer than expected. Why could this be happening and which equipment could support the analysis?,True,4,9,fracture-surface stereomicroscope,optical inspection microscope,supporting_but_not_ideal,0.67,1,1,morphology_and_phase_separation,stereomicroscope,fracture boundary images | failure-mode visualization,"Mentioned for fracture inspection, but it is not the strongest tool for detecting fine phase separation or dispersed filler problems; it mainly supports broader failure-mode analysis.",Advantages and feasibility of prefabricated PEEK crowns for aesthetic restoration in primary teeth (10.1038/s41598-024-79306-1)
