mode,query_id,query_type,case_type,run_status,used_reranking_papers,num_subproblems_run,rank,equipment_name,normalized_equipment_name,equipment_type,best_relevance_label,max_confidence_score,num_supporting_subproblems,num_supporting_papers,aliases,measurement_outputs,explanations,match_label,match_label_raw,match_score,matched_prediction_name,matched_expected_name,original_query,source_doi,source_pdf_path,expected_must_have,expected_best_match,expected_acceptable,expected_supporting,expected_not_suitable,error
direct,PET_packaging_barrier,broad_diagnostic,literature_supported_inventory_uncertain,completed,,1.0,1.0,Fourier Transform Infrared (FTIR) spectrometer with ATR sampling module,fourier transform infrared ftir spectrometer with atr sampling module,spectrometer,supporting_but_not_ideal,0.78,1.0,1.0,ATR-FTIR | FTIR,infrared spectra | polymer/material identity,"The chunks explicitly describe FTIR/ATR-FTIR as a physical instrument used to identify the polymer composition of PET packaging. It is useful for confirming whether a candidate is chemically PET-like or contains other polymers, but it does not directly measure gas barrier, haze, or discoloration, so it is only supporting evidence for suitability.",no_match,no_match,0,,,"We need to evaluate a biobased PET replacement for bottle and film packaging, but the candidate has poor gas barrier performance and also shows haze/discoloration concerns. What physical equipment should we use to measure whether it can actually replace PET in transparent packaging?",,data/interim/pdfs/Recommendations_for_replacing_PET_on_packaging__fiber__and_film_materials_with_biobased_counterparts.pdf,gas permeability tester | haze meter | gas transmission tester | permeation analyzer | haze tester,oxygen permeability analyzer | carbon dioxide permeability analyzer | water vapor transmission rate tester | haze meter | haze tester,permeation analyzer | gas transmission tester | spectrophotometer | gas permeability tester,DSC | polarized optical microscope,FTIR spectrometer | rheometer | HPLC,
direct,PET_packaging_barrier,broad_diagnostic,literature_supported_inventory_uncertain,completed,,1.0,2.0,Differential Scanning Calorimeter,differential scanning calorimeter,thermal analyzer,supporting_but_not_ideal,0.72,1.0,1.0,DSC | differential scanning calorimetry instrument,melting transitions | crystallization transitions | thermal properties,"DSC is explicitly mentioned as a characterization tool for PET packaging. It can help assess thermal behavior relevant to processing and material comparison, but it does not directly measure gas barrier or optical haze/discoloration, so it is not the best match for the query.",supporting_but_not_ideal,supporting_but_not_ideal,1,DSC,DSC,"We need to evaluate a biobased PET replacement for bottle and film packaging, but the candidate has poor gas barrier performance and also shows haze/discoloration concerns. What physical equipment should we use to measure whether it can actually replace PET in transparent packaging?",,data/interim/pdfs/Recommendations_for_replacing_PET_on_packaging__fiber__and_film_materials_with_biobased_counterparts.pdf,gas permeability tester | haze meter | gas transmission tester | permeation analyzer | haze tester,oxygen permeability analyzer | carbon dioxide permeability analyzer | water vapor transmission rate tester | haze meter | haze tester,permeation analyzer | gas transmission tester | spectrophotometer | gas permeability tester,DSC | polarized optical microscope,FTIR spectrometer | rheometer | HPLC,
direct,acoustic_particles_diagnostic,method_selection,literature_supported_inventory_uncertain,completed,,1.0,1.0,surface acoustic wave microfluidic system,surface acoustic wave microfluidic system,microfluidic acoustic manipulation system,best_match,0.98,1.0,4.0,SAW microfluidic device | acoustic microfluidic device | surface acoustic waves (SAWs) | focused traveling surface acoustic wave (FTSAW) system,cell separation | cell detachment | cell focusing | cell collection at outlets | particle washing/manipulation,"The chunks explicitly describe SAW-based systems as label-free and non-contact methods for cell detachment, sorting, manipulation, washing, and focusing in microfluidic channels, which matches the user's need for fragile cells.",must_have_or_best_match,must_have,3,SAW microfluidic device,surface acoustic wave (SAW) microfluidic device,"My sample contains fragile cells and I want a non-contact way to separate, wash, or pattern them in a microfluidic channel without relying on labels or physical contact. What equipment should I use?",,data/interim/pdfs/A_concise_review_of_microfluidic_particle_manipulation_methods.pdf,acoustic tweezers system | ultrasonic standing-wave microfluidic system | surface acoustic wave (SAW) microfluidic device,surface acoustic wave microfluidic device | standing-wave acoustic tweezers setup | holographic acoustic tweezers setup | acoustic tweezers system | ultrasonic standing-wave microfluidic system | surface acoustic wave (SAW) microfluidic device,acoustic separation chip | ultrasound standing-wave microfluidic system,hydrodynamic microfluidic separator | dielectrophoresis microfluidic setup | magnetic tweezers microfluidic setup,optical tweezers system | centrifuge | mass spectrometer,
direct,afm-grease-microstructure,specific,paper_grounded_local_candidate,completed,,1.0,1.0,scanning electron microscope,scanning electron microscope,electron microscope,best_match,0.88,1.0,1.0,SEM,microstructure images | morphology / fibrous network visualization,"The query asks for nanoscale imaging of fresh lithium grease microstructure to confirm a fibrous thickener network. The chunks explicitly mention scanning electron microscopy as a characterization tool for microstructure/morphology, making SEM the clearest physical instrument relevant to this task.",no_match,no_match,0,,,I need to image the fresh lithium grease microstructure at the nanoscale so I can confirm the fibrous thickener network before doing rheology tests.,10.1007/s11249-024-01878-w,data/interim/pdfs/A_Coarse_Grained_Molecular_Dynamics_Model_for_the_Simulation_of_Lubricating_Greases.pdf,atomic force microscope | AFM,atomic force microscope | AFM,,,optical microscope | rheometer | DSC,
direct,afm-grease-microstructure,specific,paper_grounded_local_candidate,completed,,1.0,2.0,quantitative microstructure analysis method/instrumentation for lithium-based grease,quantitative microstructure analysis method instrumentation for lithium based grease,analytical imaging workflow,supporting_but_not_ideal,0.28,1.0,1.0,microstructure analysis,microstructure quantification | structural characterization,"The title indicates a paper on microstructure analysis of lithium-based grease, which is directionally relevant, but the provided evidence is metadata-only and does not explicitly name the physical instrument. This is therefore only weak supporting evidence, not a reliably identifiable piece of equipment.",no_match,no_match,0,,,I need to image the fresh lithium grease microstructure at the nanoscale so I can confirm the fibrous thickener network before doing rheology tests.,10.1007/s11249-024-01878-w,data/interim/pdfs/A_Coarse_Grained_Molecular_Dynamics_Model_for_the_Simulation_of_Lubricating_Greases.pdf,atomic force microscope | AFM,atomic force microscope | AFM,,,optical microscope | rheometer | DSC,
direct,antifouling_01,broad_diagnostic,literature_supported_inventory_uncertain,completed,,1.0,1.0,Quartz crystal microbalance with dissipation monitoring,quartz crystal microbalance with dissipation monitoring,surface mass/adsorption analyzer,best_match,0.94,1.0,1.0,QCM-D,adsorbed mass / frequency shift | dissipation change | real-time binding/adsorption kinetics,"This is directly useful for verifying whether an antifouling coating prevents protein attachment. The chunk explicitly says stable layer formation was confirmed by QCM-D analysis, indicating its use in coating evaluation.",must_have_or_best_match,must_have,3,Quartz crystal microbalance with dissipation monitoring,Quartz crystal microbalance with dissipation monitoring,"I’m screening a new antifouling coating and need to verify whether it actually prevents protein and cell attachment, since the coating is intended to be fouling-resistant rather than biocidal.",,data/interim/pdfs/Recent_Developments_and_Practical_Feasibility_of_Polymer-Based_Antifouling_Coatings.pdf,Quartz crystal microbalance with dissipation monitoring | QCM-D | Quartz crystal microbalance,QCM-D | Surface plasmon resonance | Ellipsometer | Quartz crystal microbalance with dissipation monitoring | Quartz crystal microbalance,Atomic force microscope | Confocal fluorescence microscope | Protein adsorption assay setup,Contact angle goniometer | Zeta potential analyzer | Scanning electron microscope,NMR spectrometer | X-ray diffractometer | Rheometer,
direct,antifouling_01,broad_diagnostic,literature_supported_inventory_uncertain,completed,,1.0,2.0,Capillary electrophoresis system,capillary electrophoresis system,separation/analytical instrument,acceptable_alternative,0.82,1.0,1.0,CE | capillary electrophoresis,protein separation profile | electropherogram | migration behavior / separation performance,"Relevant because the coating is explicitly used in capillary electrophoresis and its performance is assessed by protein separation. However, it is less direct than a dedicated adsorption assay for verifying antifouling against proteins and does not directly test cell attachment.",no_match,no_match,0,,,"I’m screening a new antifouling coating and need to verify whether it actually prevents protein and cell attachment, since the coating is intended to be fouling-resistant rather than biocidal.",,data/interim/pdfs/Recent_Developments_and_Practical_Feasibility_of_Polymer-Based_Antifouling_Coatings.pdf,Quartz crystal microbalance with dissipation monitoring | QCM-D | Quartz crystal microbalance,QCM-D | Surface plasmon resonance | Ellipsometer | Quartz crystal microbalance with dissipation monitoring | Quartz crystal microbalance,Atomic force microscope | Confocal fluorescence microscope | Protein adsorption assay setup,Contact angle goniometer | Zeta potential analyzer | Scanning electron microscope,NMR spectrometer | X-ray diffractometer | Rheometer,
direct,dnaJB8-hsp70-fp,specific,paper_grounded_local_candidate,completed,,1.0,1.0,fluorescence polarization assay instrument,fluorescence polarization assay instrument,fluorescence spectrometer / plate-based binding assay reader,best_match,0.99,1.0,1.0,FP assay setup | polarization reader,fluorescence polarization (mP) | binding curves / apparent affinity | competition shifts in polarization signal,The paper explicitly states that the JD–HspA1A interaction and CTD competition were tested using an FP binding assay. This is the same physical assay needed to assess direct binding of a DnaJB8 J-domain construct to Hsp70 and competition by CTD.,must_have_or_best_match,must_have,3,polarization reader,fluorescence polarization reader,"A protein biophysics lab wants to test whether a DnaJB8 J-domain construct directly binds Hsp70 and whether the CTD competes with that interaction, using the same physical assay setup as the paper.",10.1038/s41467-021-21147-x,data/interim/pdfs/Regulatory_inter-domain_interactions_influence_Hsp70_recruitment_to_the_DnaJB8_chaperone.pdf,fluorescence polarization reader | plate reader with polarization optics | FP reader | polarization plate reader | fluorescence anisotropy reader,fluorescence polarization reader | plate reader with polarization optics | FP reader | polarization plate reader | fluorescence anisotropy reader,multi-mode plate reader with polarization module | fluorescence anisotropy reader | fluorescence polarization reader | FP reader | polarization plate reader,qPCR instrument | standard absorbance plate reader,circular dichroism instrument | dynamic light scattering plate reader | NMR spectrometer,
direct,dnaJB8-hsp70-fp,specific,paper_grounded_local_candidate,completed,,1.0,2.0,fluorescein-labeled JD construct,fluorescein labeled jd construct,fluorescently labeled protein probe,supporting_but_not_ideal,0.94,1.0,1.0,FITC-labeled JD | JD 1–82-FITC,polarization changes upon binding | competition-dependent signal shifts,This is central to the assay workflow but is not standalone specialized physical equipment. It is explicitly required for the FP binding setup used in the paper.,no_match,no_match,0,,,"A protein biophysics lab wants to test whether a DnaJB8 J-domain construct directly binds Hsp70 and whether the CTD competes with that interaction, using the same physical assay setup as the paper.",10.1038/s41467-021-21147-x,data/interim/pdfs/Regulatory_inter-domain_interactions_influence_Hsp70_recruitment_to_the_DnaJB8_chaperone.pdf,fluorescence polarization reader | plate reader with polarization optics | FP reader | polarization plate reader | fluorescence anisotropy reader,fluorescence polarization reader | plate reader with polarization optics | FP reader | polarization plate reader | fluorescence anisotropy reader,multi-mode plate reader with polarization module | fluorescence anisotropy reader | fluorescence polarization reader | FP reader | polarization plate reader,qPCR instrument | standard absorbance plate reader,circular dichroism instrument | dynamic light scattering plate reader | NMR spectrometer,
direct,fmi_system,broad_diagnostic,literature_supported_inventory_uncertain,completed,,1.0,1.0,fluorescence imaging system,fluorescence imaging system,imaging system,best_match,0.98,1.0,1.0,fluorescence molecular imaging system | FMI system | commercial fluorescence imaging system,fluorescence images | captured emitted fluorescence signal | image acquisition parameters,This is the central physical equipment for comparing fluorescence molecular imaging platforms. The chunks explicitly state that fluorescence imaging systems are used to visualize fluorescent imaging agents and that reporting should include system name/version and operational parameters.,must_have_or_best_match,must_have,3,fluorescence imaging system,fluorescence imaging system,"I need to compare fluorescence molecular imaging platforms for surgery and interventions, including the hardware and acquisition settings I should report.",,data/interim/pdfs/Reflect__reporting_guidelines_for_preclinical__translational_and_clinical_fluorescence_molecular_imaging_studies.pdf,fluorescence imaging system | fluorescence camera | FMI system | fluorescence-guided surgery system,intraoperative fluorescence imaging system | fluorescence molecular imaging system | fluorescence-guided surgery system | fluorescence imaging system | fluorescence camera | FMI system,fluorescence camera | near-infrared fluorescence imaging system | endoscopic fluorescence imaging system | fluorescence imaging system | FMI system | fluorescence-guided surgery system,RGB camera | standard surgical light source | white light camera,mass spectrometer | CT scanner | confocal microscope,
direct,fmi_system,broad_diagnostic,literature_supported_inventory_uncertain,completed,,1.0,2.0,closed-field imaging system,closed field imaging system,imaging system,best_match,0.94,1.0,1.0,closed-field fluorescence imaging system | closed-field imager,intraoperative fluorescence images | ex vivo specimen images | margin assessment images,"This is a specific fluorescence molecular imaging platform used in surgery, directly relevant to comparing intraoperative hardware and the acquisition conditions to report.",must_have_or_best_match,must_have,3,closed-field fluorescence imaging system,fluorescence imaging system,"I need to compare fluorescence molecular imaging platforms for surgery and interventions, including the hardware and acquisition settings I should report.",,data/interim/pdfs/Reflect__reporting_guidelines_for_preclinical__translational_and_clinical_fluorescence_molecular_imaging_studies.pdf,fluorescence imaging system | fluorescence camera | FMI system | fluorescence-guided surgery system,intraoperative fluorescence imaging system | fluorescence molecular imaging system | fluorescence-guided surgery system | fluorescence imaging system | fluorescence camera | FMI system,fluorescence camera | near-infrared fluorescence imaging system | endoscopic fluorescence imaging system | fluorescence imaging system | FMI system | fluorescence-guided surgery system,RGB camera | standard surgical light source | white light camera,mass spectrometer | CT scanner | confocal microscope,
direct,fmi_system,broad_diagnostic,literature_supported_inventory_uncertain,completed,,1.0,3.0,endoscopic fluorescence imaging system,endoscopic fluorescence imaging system,intraoperative imaging system,acceptable_alternative,0.77,1.0,1.0,laparoscopic fluorescence imaging system | open surgery fluorescence imaging device | intraoperative FMI device,real-time fluorescence images | operative visualization | surgical decision support,"The chunks explicitly mention devices for endoscopy, laparoscopic, and open surgery. This is relevant to platform comparison, though the evidence is broader and less specific than a named system.",must_have_or_best_match,must_have,3,endoscopic fluorescence imaging system,fluorescence imaging system,"I need to compare fluorescence molecular imaging platforms for surgery and interventions, including the hardware and acquisition settings I should report.",,data/interim/pdfs/Reflect__reporting_guidelines_for_preclinical__translational_and_clinical_fluorescence_molecular_imaging_studies.pdf,fluorescence imaging system | fluorescence camera | FMI system | fluorescence-guided surgery system,intraoperative fluorescence imaging system | fluorescence molecular imaging system | fluorescence-guided surgery system | fluorescence imaging system | fluorescence camera | FMI system,fluorescence camera | near-infrared fluorescence imaging system | endoscopic fluorescence imaging system | fluorescence imaging system | FMI system | fluorescence-guided surgery system,RGB camera | standard surgical light source | white light camera,mass spectrometer | CT scanner | confocal microscope,
direct,fmi_system,broad_diagnostic,literature_supported_inventory_uncertain,completed,,1.0,4.0,fluorescence-guided surgery imaging box,fluorescence guided surgery imaging box,imaging enclosure,supporting_but_not_ideal,0.72,1.0,1.0,dedicated closed-field imaging box | Vault imaging box,controlled ex vivo fluorescence images | specimen imaging consistency,"This is tangible hardware relevant to the imaging workflow, but it is an accessory/enclosure rather than the main fluorescence molecular imaging platform itself.",no_match,no_match,0,,,"I need to compare fluorescence molecular imaging platforms for surgery and interventions, including the hardware and acquisition settings I should report.",,data/interim/pdfs/Reflect__reporting_guidelines_for_preclinical__translational_and_clinical_fluorescence_molecular_imaging_studies.pdf,fluorescence imaging system | fluorescence camera | FMI system | fluorescence-guided surgery system,intraoperative fluorescence imaging system | fluorescence molecular imaging system | fluorescence-guided surgery system | fluorescence imaging system | fluorescence camera | FMI system,fluorescence camera | near-infrared fluorescence imaging system | endoscopic fluorescence imaging system | fluorescence imaging system | FMI system | fluorescence-guided surgery system,RGB camera | standard surgical light source | white light camera,mass spectrometer | CT scanner | confocal microscope,
direct,osc_morphology_giwaxs,specific,paper_grounded_local_candidate,completed,,1.0,1.0,atomic force microscope,atomic force microscope,microscope,best_match,0.98,1.0,1.0,AFM | atomic force microscopy,topography images | nanoscale morphology / aggregate structure,The chunks explicitly state that atomic force microscopy was used to reveal the absence of big CNT aggregates and to study morphology-related effects in the active layer. This directly matches the user's need to check whether an additive changed packing and phase segregation in an organic solar-cell blend.,supporting_but_not_ideal,supporting_but_not_ideal,1,atomic force microscope,atomic force microscope,I need to verify whether adding a fullerene additive has changed the active-layer packing and phase segregation in an organic solar-cell blend. What physical instrument should I use?,10.1039/d0ee00714e,data/interim/pdfs/15_34__efficiency_all-small-molecule_organic_solar_cells_with_an_improved_fill_factor_enabled_by_a_fullerene_additive.pdf,grazing-incidence X-ray scattering system | GIWAXS | GISAXS | grazing incident X-ray scattering,grazing-incidence wide-angle X-ray scattering system | GIWAXS setup | grazing-incidence X-ray scattering setup | grazing-incidence X-ray scattering system | GIWAXS | GISAXS | grazing incident X-ray scattering,GISAXS setup | grazing-incidence small-angle X-ray scattering system,atomic force microscope | transmission electron microscope,cyclic voltammetry system | ellipsometer | transient photocurrent measurement setup,
direct,pcm_multiple_events,method_selection,literature_supported_inventory_uncertain,completed,,1.0,1.0,atom probe tomography system,atom probe tomography system,imaging / mass spectrometry / field evaporation analysis instrument,best_match,0.99,1.0,2.0,APT | atom probe microscope | bonding probe tomography,multiple-event probability (PME) | probability of molecular ions (PMI) | mass spectra | detector hit maps | field-evaporation / desorption patterns,"This is the direct experimental platform used in the provided chunks to study laser-assisted field evaporation, multiple events, PMI/PME, and bond rupture in crystalline phase change materials and other metavalent solids. It directly answers the query about testing unusual bond-breaking behavior during field evaporation.",must_have_or_best_match,must_have,3,atom probe tomography system,atom probe tomography,"I want to test whether a crystalline chalcogenide shows the unusual bond-breaking behavior reported for metavalent materials, especially the high fraction of multiple-ion events during field evaporation.",,data/interim/pdfs/Chalcogenides_by_Design__Functionality_through_Metavalent_Bonding_and_Confinement.pdf,atom probe tomography | APT | 3D atom probe,laser-assisted atom probe tomography | atom probe tomography | APT | 3D atom probe | laser APT | laser atom probe,3D atom probe | field ion microscopy | atom probe tomography | APT,transmission electron microscope | scanning electron microscope,X-ray diffractometer | differential scanning calorimeter | electrical conductivity meter,
direct,pef_barrier_measurement,broad_diagnostic,literature_supported_inventory_uncertain,completed,,1.0,1.0,oxygen transmission rate tester,oxygen transmission rate tester,gas barrier analyzer,best_match,0.98,1.0,1.0,OTR tester | oxygen permeability measurement system | oxygen transmission measurement setup,oxygen transmission rate (OTR) | oxygen permeability / oxygen barrier performance,"The query asks for direct measurements of oxygen barrier performance between PEF and PET. The chunks explicitly report oxygen transmission rate (OTR) measurements for PEF, PET, and multilayer films, making this the most directly relevant physical equipment.",no_match,no_match,0,,,"I need to compare a new PEF film against PET because the packaging team says oxygen and CO2 barrier performance is the key differentiator, but we need direct measurements to confirm it.",,data/interim/pdfs/A_Perspective_on_PEF_Synthesis__Properties__and_End-Life.pdf,gas permeability analyzer | permeation tester | gas permeameter,oxygen permeability tester | carbon dioxide permeability tester | gas permeability analyzer | permeation tester | gas permeameter | O2 permeation tester | CO2 permeation tester,gas sorption analyzer | manometric gas permeameter,DSC | tensile tester,NIR sorter | LC-MS/MS,
direct,pef_barrier_measurement,broad_diagnostic,literature_supported_inventory_uncertain,completed,,1.0,2.0,carbon dioxide permeability tester,carbon dioxide permeability tester,gas barrier analyzer,best_match,0.97,1.0,1.0,CO2 permeability measurement system | carbon dioxide transmission tester | CO2 barrier analyzer,carbon dioxide permeability | CO2 barrier performance,"The query specifically asks to confirm CO2 barrier performance. The abstract explicitly states that oxygen and carbon dioxide transport/permeability in PEF films were analyzed experimentally, so CO2 permeability testing equipment is directly relevant.",must_have_or_best_match,best_match,3,carbon dioxide permeability tester,carbon dioxide permeability tester,"I need to compare a new PEF film against PET because the packaging team says oxygen and CO2 barrier performance is the key differentiator, but we need direct measurements to confirm it.",,data/interim/pdfs/A_Perspective_on_PEF_Synthesis__Properties__and_End-Life.pdf,gas permeability analyzer | permeation tester | gas permeameter,oxygen permeability tester | carbon dioxide permeability tester | gas permeability analyzer | permeation tester | gas permeameter | O2 permeation tester | CO2 permeation tester,gas sorption analyzer | manometric gas permeameter,DSC | tensile tester,NIR sorter | LC-MS/MS,
direct,small_vesicle_nanomech,method_selection,,completed,,,,,,,,,,,,,,no_equipment_returned,,0,,,,,,,,,,,
direct,sr3fe2o7_neutron_diffraction_setup,specific,,completed,,,,,,,,,,,,,,no_equipment_returned,,0,,,,,,,,,,,
direct,subcellular_lipid_map,broad_diagnostic,literature_supported_inventory_uncertain,completed,,1.0,1.0,time-of-flight secondary ion mass spectrometer,time of flight secondary ion mass spectrometer,mass spectrometer / imaging mass spectrometry instrument,best_match,0.99,1.0,2.0,TOF-SIMS | secondary ion mass spectrometry | time-of-flight secondary ion mass spectrometry,spatially resolved ion images of cardiolipin and phosphatidylethanolamine fragments | subcellular chemical distribution maps,"This instrument is explicitly reported to image cardiolipins and phosphatidylethanolamines at the subcellular level in cells and tissues, directly matching the user's need to visualize these lipids in individual cells and organelles rather than only in whole tissue sections.",must_have_or_best_match,must_have,3,time-of-flight secondary ion mass spectrometer,gas-cluster ion beam time-of-flight secondary-ion mass spectrometer,"I need to visualize cardiolipins and phosphatidylethanolamines at the subcellular level in individual cells and organelles, not just in whole tissue sections.",,data/interim/pdfs/Redox_phospholipidomics_of_enzymatically_generated_oxygenated_phospholipids_as_specific_signals_of_programmed_cell_death.pdf,gas-cluster ion beam time-of-flight secondary-ion mass spectrometer | GCIB-ToF-SIMS | ToF-SIMS,3D OrbiSIMS | ToF-SIMS with gas-cluster ion beam | gas-cluster ion beam time-of-flight secondary-ion mass spectrometer | GCIB-ToF-SIMS | ToF-SIMS | OrbiSIMS,secondary-ion mass spectrometer | SIMS imaging system,MALDI imaging mass spectrometer,fluorescence microscope | triple quadrupole LC-MS/MS,
direct,subcellular_lipid_map,broad_diagnostic,literature_supported_inventory_uncertain,completed,,1.0,2.0,stimulated Raman scattering microscopy,stimulated raman scattering microscopy,optical imaging microscope,acceptable_alternative,0.89,1.0,1.0,SRS microscopy | PRM-SRS microscopy | hyperspectral PRM-SRS microscopy,subcellular lipid distribution images | hyperspectral Raman-based lipid subtype maps,"The chunks state that PRM-SRS microscopy provides subcellular resolution and can visualize subcellular distributions of cardiolipin and phosphatidylethanolamine. It is relevant for subcellular lipid visualization, though the evidence is less directly centered on CL and PE than TOF-SIMS.",no_match,no_match,0,,,"I need to visualize cardiolipins and phosphatidylethanolamines at the subcellular level in individual cells and organelles, not just in whole tissue sections.",,data/interim/pdfs/Redox_phospholipidomics_of_enzymatically_generated_oxygenated_phospholipids_as_specific_signals_of_programmed_cell_death.pdf,gas-cluster ion beam time-of-flight secondary-ion mass spectrometer | GCIB-ToF-SIMS | ToF-SIMS,3D OrbiSIMS | ToF-SIMS with gas-cluster ion beam | gas-cluster ion beam time-of-flight secondary-ion mass spectrometer | GCIB-ToF-SIMS | ToF-SIMS | OrbiSIMS,secondary-ion mass spectrometer | SIMS imaging system,MALDI imaging mass spectrometer,fluorescence microscope | triple quadrupole LC-MS/MS,
direct,summit-noci-001,specific,paper_grounded_local_candidate,completed,,1.0,1.0,Summit supercomputer,summit supercomputer,supercomputer,best_match,0.99,1.0,2.0,200PF Summit supercomputer | Summit | Oak Ridge Leadership Computing Facility Summit,matrix-element calculations | nonorthogonal configuration interaction results,"The chunks explicitly state that GronOR calculations were run on Summit, described as the successor supercomputer used by the authors for the project. This directly answers which physical computing system was used.",acceptable_alternative,acceptable_alternatives,2,Summit,Summit,Which physical computing system did the authors use to run the GronOR nonorthogonal configuration interaction matrix-element calculations?,10.1021/acs.jctc.9b01144,data/interim/pdfs/Reduced_Common_Molecular_Orbital_Basis_for_Nonorthogonal_Configuration_Interaction.pdf,,,Summit,Oak Ridge Leadership Computing Facility,GAMESS-UK package | GronOR code | GPU cluster,
direct,summit-noci-001,specific,paper_grounded_local_candidate,completed,,1.0,2.0,Titan supercomputer,titan supercomputer,supercomputer,acceptable_alternative,0.83,1.0,2.0,27PF Titan supercomputer | Titan,development and execution of GronOR calculations | parallel GPU-accelerated computation,"The text says the first version of GronOR was developed on Titan. This is relevant physical computing hardware, but the query asks which system the authors used to run the matrix-element calculations, and Summit is the more directly indicated system in the provided evidence.",no_match,no_match,0,,,Which physical computing system did the authors use to run the GronOR nonorthogonal configuration interaction matrix-element calculations?,10.1021/acs.jctc.9b01144,data/interim/pdfs/Reduced_Common_Molecular_Orbital_Basis_for_Nonorthogonal_Configuration_Interaction.pdf,,,Summit,Oak Ridge Leadership Computing Facility,GAMESS-UK package | GronOR code | GPU cluster,
direct,tdEV_identity_multimodal,method_selection,literature_supported_inventory_uncertain,completed,,1.0,1.0,atomic force microscope with infrared nanospectroscopy (AFM-IR / nanospectroscopy),atomic force microscope with infrared nanospectroscopy afm ir nanospectroscopy,hybrid nanoscale imaging and spectroscopy instrument,best_match,0.95,1.0,1.0,AFM-IR | nanospectroscopy | atomic force microscopy–infrared,topography | nanoscopic morphology | chemical/biochemical infrared signatures | surface spectral bands,"This is the most directly relevant instrument setup for a captured-EV-on-substrate workflow when the goal is to assess topography/morphology and chemical identity rather than relying on a single readout. The chunks explicitly describe AFM-IR as correlating topography and biochemical signature, and as a nanospectroscopy technique for EVs.",supporting_but_not_ideal,supporting_but_not_ideal,1,atomic force microscope with infrared nanospectroscopy (AFM-IR / nanospectroscopy),atomic force microscope,"I have captured extracellular vesicles on a functionalized substrate and want to confirm their morphology, size, deformability, and chemical identity rather than relying on a single readout. What instrument setup should I use?",,data/interim/pdfs/Cancer-id__Toward_identification_of_cancer_by_tumor-derived_extracellular_vesicles_in_blood.pdf,AFM-SEM-Raman setup | correlative AFM-SEM-Raman platform,"correlative AFM, SEM, and Raman microscope setup | multimodal AFM/SEM/Raman instrument | AFM-SEM-Raman setup | correlative AFM-SEM-Raman platform | correlative microscopy platform",AFM plus SEM plus Raman microspectroscopy | correlative microscopy platform | multimodal AFM/SEM/Raman instrument,TEM | Raman microscope | atomic force microscope,flow cytometer | NTA | DSC,
direct,tdEV_identity_multimodal,method_selection,literature_supported_inventory_uncertain,completed,,1.0,2.0,transmission electron microscope (TEM),transmission electron microscope tem,electron microscope,acceptable_alternative,0.88,1.0,2.0,TEM | electron microscopy | transmission electron microscopy,morphology | size | cup-shaped bilayer-enclosed structure,"Explicitly used to evaluate EV morphology and size. However, it does not provide chemical identity or deformability information from the provided evidence, so it is a partial rather than complete match.",supporting_but_not_ideal,supporting_but_not_ideal,1,TEM,TEM,"I have captured extracellular vesicles on a functionalized substrate and want to confirm their morphology, size, deformability, and chemical identity rather than relying on a single readout. What instrument setup should I use?",,data/interim/pdfs/Cancer-id__Toward_identification_of_cancer_by_tumor-derived_extracellular_vesicles_in_blood.pdf,AFM-SEM-Raman setup | correlative AFM-SEM-Raman platform,"correlative AFM, SEM, and Raman microscope setup | multimodal AFM/SEM/Raman instrument | AFM-SEM-Raman setup | correlative AFM-SEM-Raman platform | correlative microscopy platform",AFM plus SEM plus Raman microspectroscopy | correlative microscopy platform | multimodal AFM/SEM/Raman instrument,TEM | Raman microscope | atomic force microscope,flow cytometer | NTA | DSC,
direct,tdEV_identity_multimodal,method_selection,literature_supported_inventory_uncertain,completed,,1.0,3.0,high-speed atomic force microscope (HS-AFM),high speed atomic force microscope hs afm,atomic force microscope,supporting_but_not_ideal,0.79,1.0,1.0,HS-AFM | high-speed AFM,nanotopology | surface morphology | height fluctuations | structural dynamics,"Useful for morphology and deformation-related surface dynamics, but the provided evidence does not show chemical identity readout. It is therefore not sufficient alone for the user's multi-readout goal.",supporting_but_not_ideal,supporting_but_not_ideal,1,high-speed atomic force microscope (HS-AFM),atomic force microscope,"I have captured extracellular vesicles on a functionalized substrate and want to confirm their morphology, size, deformability, and chemical identity rather than relying on a single readout. What instrument setup should I use?",,data/interim/pdfs/Cancer-id__Toward_identification_of_cancer_by_tumor-derived_extracellular_vesicles_in_blood.pdf,AFM-SEM-Raman setup | correlative AFM-SEM-Raman platform,"correlative AFM, SEM, and Raman microscope setup | multimodal AFM/SEM/Raman instrument | AFM-SEM-Raman setup | correlative AFM-SEM-Raman platform | correlative microscopy platform",AFM plus SEM plus Raman microspectroscopy | correlative microscopy platform | multimodal AFM/SEM/Raman instrument,TEM | Raman microscope | atomic force microscope,flow cytometer | NTA | DSC,
direct,tdEV_identity_multimodal,method_selection,literature_supported_inventory_uncertain,completed,,1.0,4.0,dynamic light scattering instrument,dynamic light scattering instrument,particle sizing instrument,supporting_but_not_ideal,0.78,1.0,2.0,DLS | dynamic light scattering,size distribution | polydispersity,"Relevant for size confirmation, but it is not suitable for morphology, deformability, or chemical identity. Also, the evidence is for suspension measurements rather than substrate-bound EVs.",no_match,no_match,0,,,"I have captured extracellular vesicles on a functionalized substrate and want to confirm their morphology, size, deformability, and chemical identity rather than relying on a single readout. What instrument setup should I use?",,data/interim/pdfs/Cancer-id__Toward_identification_of_cancer_by_tumor-derived_extracellular_vesicles_in_blood.pdf,AFM-SEM-Raman setup | correlative AFM-SEM-Raman platform,"correlative AFM, SEM, and Raman microscope setup | multimodal AFM/SEM/Raman instrument | AFM-SEM-Raman setup | correlative AFM-SEM-Raman platform | correlative microscopy platform",AFM plus SEM plus Raman microspectroscopy | correlative microscopy platform | multimodal AFM/SEM/Raman instrument,TEM | Raman microscope | atomic force microscope,flow cytometer | NTA | DSC,
direct,tmd_spin_valley_laser,method_selection,literature_supported_inventory_uncertain,completed,,1.0,1.0,spectrometer/camera system,spectrometer camera system,optical spectroscopy / photoluminescence detection system,best_match,0.98,1.0,1.0,spectrometer | camera system | spectrometer/camera,emission spectrum | right- and left-handed circularly polarized photoluminescence | polarization-resolved intensity,"This is the core instrument family used in the chunks to characterize photoluminescence emission. In the cited work, emitted light is passed through a quarter-wave plate and Wollaston prism into a spectrometer/camera system to measure right- and left-handed circularly polarized emission, which directly addresses circularly polarized emission and spin-valley-related optical characterization.",no_match,no_match,0,,,I am trying to build a TMD laser experiment where I can check for circularly polarized emission and spin-valley selectivity. What instrument family should I use to characterize the emitted light?,,data/interim/pdfs/Atomically_thin_transition_metal_dichalcogenide_nanolasers__Challenges_and_opportunities.pdf,polarization-resolved optical microscope | polarization microscope | polarization-resolved microscope,polarization-resolved PL setup | polarimeter | Stokes polarimetry setup | polarization-resolved optical microscope | polarization microscope | polarization-resolved microscope | PL polarimetry setup | Stokes polarimeter,confocal microscope with polarization optics | spectropolarimeter,beam profiler,SEM | AFM,
reranking_papers,PET_packaging_barrier,broad_diagnostic,literature_supported_inventory_uncertain,completed,,1.0,1.0,oxygen transmission rate tester,oxygen transmission rate tester,gas barrier analyzer,best_match,0.99,1.0,2.0,OTR tester | oxygen permeability measurement system,oxygen transmission rate (OTR) | oxygen permeability / oxygen barrier performance,"The query is about poor gas barrier performance and whether the material can replace PET in packaging. Oxygen transmission rate is explicitly used in the provided chunks to evaluate barrier performance of PET-based and biobased packaging films, making this the most direct physical equipment for the gas-barrier part of the question.",no_match,no_match,0,,,"We need to evaluate a biobased PET replacement for bottle and film packaging, but the candidate has poor gas barrier performance and also shows haze/discoloration concerns. What physical equipment should we use to measure whether it can actually replace PET in transparent packaging?",,data/interim/pdfs/Recommendations_for_replacing_PET_on_packaging__fiber__and_film_materials_with_biobased_counterparts.pdf,gas permeability tester | haze meter | gas transmission tester | permeation analyzer | haze tester,oxygen permeability analyzer | carbon dioxide permeability analyzer | water vapor transmission rate tester | haze meter | haze tester,permeation analyzer | gas transmission tester | spectrophotometer | gas permeability tester,DSC | polarized optical microscope,FTIR spectrometer | rheometer | HPLC,
reranking_papers,PET_packaging_barrier,broad_diagnostic,literature_supported_inventory_uncertain,completed,,1.0,2.0,gas permeability measurement system,gas permeability measurement system,permeation analyzer,best_match,0.97,1.0,2.0,gas permeability tester | permeation analyzer,gas permeability | oxygen permeability | carbon dioxide permeability | nitrogen permeability,The chunks explicitly mention gas permeability measurements for packaged films and comparison of gas barrier properties against PET. This is directly relevant to deciding whether the biobased candidate can replace PET in barrier packaging.,must_have_or_best_match,must_have,3,gas permeability tester,gas permeability tester,"We need to evaluate a biobased PET replacement for bottle and film packaging, but the candidate has poor gas barrier performance and also shows haze/discoloration concerns. What physical equipment should we use to measure whether it can actually replace PET in transparent packaging?",,data/interim/pdfs/Recommendations_for_replacing_PET_on_packaging__fiber__and_film_materials_with_biobased_counterparts.pdf,gas permeability tester | haze meter | gas transmission tester | permeation analyzer | haze tester,oxygen permeability analyzer | carbon dioxide permeability analyzer | water vapor transmission rate tester | haze meter | haze tester,permeation analyzer | gas transmission tester | spectrophotometer | gas permeability tester,DSC | polarized optical microscope,FTIR spectrometer | rheometer | HPLC,
reranking_papers,PET_packaging_barrier,broad_diagnostic,literature_supported_inventory_uncertain,completed,,1.0,3.0,haze meter,haze meter,optical clarity analyzer,best_match,0.95,1.0,2.0,haze measurement instrument | optical haze tester,haze | optical transparency / light scattering,"The query specifically mentions haze/discoloration concerns in transparent packaging. The chunks explicitly report haze values and optical transparency for PET films, so an optical haze measurement instrument is central to assessing transparency suitability.",must_have_or_best_match,must_have,3,haze meter,haze meter,"We need to evaluate a biobased PET replacement for bottle and film packaging, but the candidate has poor gas barrier performance and also shows haze/discoloration concerns. What physical equipment should we use to measure whether it can actually replace PET in transparent packaging?",,data/interim/pdfs/Recommendations_for_replacing_PET_on_packaging__fiber__and_film_materials_with_biobased_counterparts.pdf,gas permeability tester | haze meter | gas transmission tester | permeation analyzer | haze tester,oxygen permeability analyzer | carbon dioxide permeability analyzer | water vapor transmission rate tester | haze meter | haze tester,permeation analyzer | gas transmission tester | spectrophotometer | gas permeability tester,DSC | polarized optical microscope,FTIR spectrometer | rheometer | HPLC,
reranking_papers,PET_packaging_barrier,broad_diagnostic,literature_supported_inventory_uncertain,completed,,1.0,4.0,UV-Vis spectrophotometer,uv vis spectrophotometer,optical instrument,acceptable_alternative,0.72,1.0,2.0,visible light transmittance meter | optical transmittance measurement system,visible light transmittance | optical transparency,"The chunks discuss visible-light transparency and negligible loss of transparency, but do not name a specific transmittance instrument. A UV-Vis-type optical system is a reasonable physical tool for assessing transparency, though less directly evidenced than gas/permeation and haze measurements.",acceptable_alternative,acceptable_alternatives,2,UV-Vis spectrophotometer,spectrophotometer,"We need to evaluate a biobased PET replacement for bottle and film packaging, but the candidate has poor gas barrier performance and also shows haze/discoloration concerns. What physical equipment should we use to measure whether it can actually replace PET in transparent packaging?",,data/interim/pdfs/Recommendations_for_replacing_PET_on_packaging__fiber__and_film_materials_with_biobased_counterparts.pdf,gas permeability tester | haze meter | gas transmission tester | permeation analyzer | haze tester,oxygen permeability analyzer | carbon dioxide permeability analyzer | water vapor transmission rate tester | haze meter | haze tester,permeation analyzer | gas transmission tester | spectrophotometer | gas permeability tester,DSC | polarized optical microscope,FTIR spectrometer | rheometer | HPLC,
reranking_papers,acoustic_particles_diagnostic,method_selection,literature_supported_inventory_uncertain,completed,,1.0,1.0,optical tweezers,optical tweezers,laser-based cell manipulation system,best_match,0.98,1.0,2.0,optical trap | laser tweezers,cell trapping position | target cell separation,"The chunks explicitly state that optical tweezers enable label-free, non-contact cell separation without physical contact, which directly matches the user's need for fragile cells in a microfluidic channel.",no_match,no_match,0,,,"My sample contains fragile cells and I want a non-contact way to separate, wash, or pattern them in a microfluidic channel without relying on labels or physical contact. What equipment should I use?",,data/interim/pdfs/A_concise_review_of_microfluidic_particle_manipulation_methods.pdf,acoustic tweezers system | ultrasonic standing-wave microfluidic system | surface acoustic wave (SAW) microfluidic device,surface acoustic wave microfluidic device | standing-wave acoustic tweezers setup | holographic acoustic tweezers setup | acoustic tweezers system | ultrasonic standing-wave microfluidic system | surface acoustic wave (SAW) microfluidic device,acoustic separation chip | ultrasound standing-wave microfluidic system,hydrodynamic microfluidic separator | dielectrophoresis microfluidic setup | magnetic tweezers microfluidic setup,optical tweezers system | centrifuge | mass spectrometer,
reranking_papers,acoustic_particles_diagnostic,method_selection,literature_supported_inventory_uncertain,completed,,1.0,2.0,acoustophoresis microfluidic device,acoustophoresis microfluidic device,acoustic microfluidic separation system,best_match,0.96,1.0,2.0,acoustofluidic device | standing surface acoustic wave device | SSAW microfluidic device,size-based cell separation | cell routing to collection channels,"The chunks explicitly describe non-contact, label-free cell separation using acoustophoresis in microfluidic devices, which is directly relevant for gentle manipulation of fragile cells.",no_match,no_match,0,,,"My sample contains fragile cells and I want a non-contact way to separate, wash, or pattern them in a microfluidic channel without relying on labels or physical contact. What equipment should I use?",,data/interim/pdfs/A_concise_review_of_microfluidic_particle_manipulation_methods.pdf,acoustic tweezers system | ultrasonic standing-wave microfluidic system | surface acoustic wave (SAW) microfluidic device,surface acoustic wave microfluidic device | standing-wave acoustic tweezers setup | holographic acoustic tweezers setup | acoustic tweezers system | ultrasonic standing-wave microfluidic system | surface acoustic wave (SAW) microfluidic device,acoustic separation chip | ultrasound standing-wave microfluidic system,hydrodynamic microfluidic separator | dielectrophoresis microfluidic setup | magnetic tweezers microfluidic setup,optical tweezers system | centrifuge | mass spectrometer,
reranking_papers,acoustic_particles_diagnostic,method_selection,literature_supported_inventory_uncertain,completed,,1.0,3.0,surface acoustic wave microfluidic device,surface acoustic wave microfluidic device,acoustofluidic manipulation system,best_match,0.91,1.0,1.0,SAW-based microfluidic device | SAW device | interdigitated transducer-based acoustofluidic device,particle or cell sorting | cell separation,"The review chunk explicitly says SAW-based microfluidics are suitable for label-free pumping, sorting, and separation, which fits the user's need for non-contact manipulation in microfluidic channels.",must_have_or_best_match,best_match,3,surface acoustic wave microfluidic device,surface acoustic wave microfluidic device,"My sample contains fragile cells and I want a non-contact way to separate, wash, or pattern them in a microfluidic channel without relying on labels or physical contact. What equipment should I use?",,data/interim/pdfs/A_concise_review_of_microfluidic_particle_manipulation_methods.pdf,acoustic tweezers system | ultrasonic standing-wave microfluidic system | surface acoustic wave (SAW) microfluidic device,surface acoustic wave microfluidic device | standing-wave acoustic tweezers setup | holographic acoustic tweezers setup | acoustic tweezers system | ultrasonic standing-wave microfluidic system | surface acoustic wave (SAW) microfluidic device,acoustic separation chip | ultrasound standing-wave microfluidic system,hydrodynamic microfluidic separator | dielectrophoresis microfluidic setup | magnetic tweezers microfluidic setup,optical tweezers system | centrifuge | mass spectrometer,
reranking_papers,acoustic_particles_diagnostic,method_selection,literature_supported_inventory_uncertain,completed,,1.0,4.0,inertial microfluidic device,inertial microfluidic device,microfluidic separation channel,acceptable_alternative,0.84,1.0,1.0,spiral microfluidic channel | inertial focusing microchannel,cell focusing | rough sorting,"The chunks show this can perform label-free, sheathless focusing and rough sorting, but it is less directly suited than optical tweezers or acoustophoretic devices for gentle non-contact manipulation of fragile cells.",no_match,no_match,0,,,"My sample contains fragile cells and I want a non-contact way to separate, wash, or pattern them in a microfluidic channel without relying on labels or physical contact. What equipment should I use?",,data/interim/pdfs/A_concise_review_of_microfluidic_particle_manipulation_methods.pdf,acoustic tweezers system | ultrasonic standing-wave microfluidic system | surface acoustic wave (SAW) microfluidic device,surface acoustic wave microfluidic device | standing-wave acoustic tweezers setup | holographic acoustic tweezers setup | acoustic tweezers system | ultrasonic standing-wave microfluidic system | surface acoustic wave (SAW) microfluidic device,acoustic separation chip | ultrasound standing-wave microfluidic system,hydrodynamic microfluidic separator | dielectrophoresis microfluidic setup | magnetic tweezers microfluidic setup,optical tweezers system | centrifuge | mass spectrometer,
reranking_papers,acoustic_particles_diagnostic,method_selection,literature_supported_inventory_uncertain,completed,,1.0,5.0,microfluidic mixing probe,microfluidic mixing probe,open microfluidic patterning/mixing device,supporting_but_not_ideal,0.78,1.0,1.0,MMP | microfluidic probe | open microfluidic device,concentration gradients | spatiotemporal cell stimulation,"This is explicitly non-contact and useful for cell patterning or gradient formation, but it is not primarily a separation or washing device in a closed microfluidic channel.",no_match,no_match,0,,,"My sample contains fragile cells and I want a non-contact way to separate, wash, or pattern them in a microfluidic channel without relying on labels or physical contact. What equipment should I use?",,data/interim/pdfs/A_concise_review_of_microfluidic_particle_manipulation_methods.pdf,acoustic tweezers system | ultrasonic standing-wave microfluidic system | surface acoustic wave (SAW) microfluidic device,surface acoustic wave microfluidic device | standing-wave acoustic tweezers setup | holographic acoustic tweezers setup | acoustic tweezers system | ultrasonic standing-wave microfluidic system | surface acoustic wave (SAW) microfluidic device,acoustic separation chip | ultrasound standing-wave microfluidic system,hydrodynamic microfluidic separator | dielectrophoresis microfluidic setup | magnetic tweezers microfluidic setup,optical tweezers system | centrifuge | mass spectrometer,
reranking_papers,afm-grease-microstructure,specific,paper_grounded_local_candidate,completed,,1.0,1.0,atomic force microscope,atomic force microscope,microscope,best_match,0.98,1.0,1.0,AFM | atomic force microscopy,nanoscale topography | microstructure images | fibrous network morphology,"This is the only explicitly mentioned instrument in the chunks that directly images the fresh and aged grease microstructure and can resolve the fibrous thickener network at nanoscale, matching the user's need before rheology tests.",must_have_or_best_match,must_have,3,atomic force microscope,atomic force microscope,I need to image the fresh lithium grease microstructure at the nanoscale so I can confirm the fibrous thickener network before doing rheology tests.,10.1007/s11249-024-01878-w,data/interim/pdfs/A_Coarse_Grained_Molecular_Dynamics_Model_for_the_Simulation_of_Lubricating_Greases.pdf,atomic force microscope | AFM,atomic force microscope | AFM,,,optical microscope | rheometer | DSC,
reranking_papers,antifouling_01,broad_diagnostic,,completed,,,,,,,,,,,,,,no_equipment_returned,,0,,,,,,,,,,,
reranking_papers,dnaJB8-hsp70-fp,specific,paper_grounded_local_candidate,completed,,1.0,1.0,fluorescence polarization assay setup,fluorescence polarization assay setup,fluorescence-based binding instrument,best_match,0.98,1.0,1.0,FP assay | fluorescence polarization binding assay | polarization binding experiment,fluorescence polarization / millipolarization signal | binding curves and apparent affinity shifts,This is the exact assay used in the paper to measure JD-HspA1A binding and CTD competition using FITC-labeled JD. It directly reports binding and competitive displacement in the same physical setup described in the chunks.,no_match,no_match,0,,,"A protein biophysics lab wants to test whether a DnaJB8 J-domain construct directly binds Hsp70 and whether the CTD competes with that interaction, using the same physical assay setup as the paper.",10.1038/s41467-021-21147-x,data/interim/pdfs/Regulatory_inter-domain_interactions_influence_Hsp70_recruitment_to_the_DnaJB8_chaperone.pdf,fluorescence polarization reader | plate reader with polarization optics | FP reader | polarization plate reader | fluorescence anisotropy reader,fluorescence polarization reader | plate reader with polarization optics | FP reader | polarization plate reader | fluorescence anisotropy reader,multi-mode plate reader with polarization module | fluorescence anisotropy reader | fluorescence polarization reader | FP reader | polarization plate reader,qPCR instrument | standard absorbance plate reader,circular dichroism instrument | dynamic light scattering plate reader | NMR spectrometer,
reranking_papers,dnaJB8-hsp70-fp,specific,paper_grounded_local_candidate,completed,,1.0,2.0,cross-linking mass spectrometry workflow,cross linking mass spectrometry workflow,mass spectrometry-based interaction mapping,supporting_but_not_ideal,0.86,1.0,1.0,XL-MS | cross-linking MS,intermolecular cross-links | contact frequency between protein regions,"The paper used XL-MS as a second method to test HspA1A-JD contacts and the inhibitory role of CTD, but it is less direct than the FP assay for the specific binding/competition question.",no_match,no_match,0,,,"A protein biophysics lab wants to test whether a DnaJB8 J-domain construct directly binds Hsp70 and whether the CTD competes with that interaction, using the same physical assay setup as the paper.",10.1038/s41467-021-21147-x,data/interim/pdfs/Regulatory_inter-domain_interactions_influence_Hsp70_recruitment_to_the_DnaJB8_chaperone.pdf,fluorescence polarization reader | plate reader with polarization optics | FP reader | polarization plate reader | fluorescence anisotropy reader,fluorescence polarization reader | plate reader with polarization optics | FP reader | polarization plate reader | fluorescence anisotropy reader,multi-mode plate reader with polarization module | fluorescence anisotropy reader | fluorescence polarization reader | FP reader | polarization plate reader,qPCR instrument | standard absorbance plate reader,circular dichroism instrument | dynamic light scattering plate reader | NMR spectrometer,
reranking_papers,fmi_system,broad_diagnostic,literature_supported_inventory_uncertain,completed,,1.0,1.0,intraoperative near-infrared fluorescence imaging system,intraoperative near infrared fluorescence imaging system,intraoperative imaging system,best_match,0.97,1.0,2.0,NIR fluorescence imaging platform | intraoperative fluorescence molecular imaging (FMI) device | fluorescence-guided surgery (FGS) system,real-time fluorescence images | lesion detection | sentinel lymph node mapping | lymphangiography | tissue perfusion assessment,"This is the core hardware class directly relevant to comparing fluorescence molecular imaging platforms for surgery and interventions. The chunks explicitly describe intraoperative NIR fluorescence imaging/FMI devices used in gastrointestinal surgery, sentinel lymph node mapping, lymphangiography, and image-guided resection.",must_have_or_best_match,must_have,3,intraoperative near-infrared fluorescence imaging system,fluorescence imaging system,"I need to compare fluorescence molecular imaging platforms for surgery and interventions, including the hardware and acquisition settings I should report.",,data/interim/pdfs/Reflect__reporting_guidelines_for_preclinical__translational_and_clinical_fluorescence_molecular_imaging_studies.pdf,fluorescence imaging system | fluorescence camera | FMI system | fluorescence-guided surgery system,intraoperative fluorescence imaging system | fluorescence molecular imaging system | fluorescence-guided surgery system | fluorescence imaging system | fluorescence camera | FMI system,fluorescence camera | near-infrared fluorescence imaging system | endoscopic fluorescence imaging system | fluorescence imaging system | FMI system | fluorescence-guided surgery system,RGB camera | standard surgical light source | white light camera,mass spectrometer | CT scanner | confocal microscope,
reranking_papers,fmi_system,broad_diagnostic,literature_supported_inventory_uncertain,completed,,1.0,2.0,compact fluorescence and white light laparoscope imaging system,compact fluorescence and white light laparoscope imaging system,surgical imaging system,best_match,0.95,1.0,1.0,single-camera fluorescence/white-light surgical imaging system | surgical laparoscope imaging system,simultaneous reflected white-light and fluorescence images | intraoperative visualization of nerves,"This is explicit physical imaging hardware for intraoperative fluorescence-guided surgery. It includes key acquisition elements that a user would report, such as excitation source, illumination source, camera, and laparoscope coupling.",no_match,no_match,0,,,"I need to compare fluorescence molecular imaging platforms for surgery and interventions, including the hardware and acquisition settings I should report.",,data/interim/pdfs/Reflect__reporting_guidelines_for_preclinical__translational_and_clinical_fluorescence_molecular_imaging_studies.pdf,fluorescence imaging system | fluorescence camera | FMI system | fluorescence-guided surgery system,intraoperative fluorescence imaging system | fluorescence molecular imaging system | fluorescence-guided surgery system | fluorescence imaging system | fluorescence camera | FMI system,fluorescence camera | near-infrared fluorescence imaging system | endoscopic fluorescence imaging system | fluorescence imaging system | FMI system | fluorescence-guided surgery system,RGB camera | standard surgical light source | white light camera,mass spectrometer | CT scanner | confocal microscope,
reranking_papers,fmi_system,broad_diagnostic,literature_supported_inventory_uncertain,completed,,1.0,3.0,confocal laser endomicroscopy (CLE) system,confocal laser endomicroscopy cle system,endomicroscopy imaging system,acceptable_alternative,0.9,1.0,1.0,cCeLL | 2nd-generation confocal laser endomicroscopy platform,subcellular-resolution images | real-time margin assessment | tumor specimen accuracy,"This is a physical imaging instrument explicitly used for fluorescence imaging-guided resection and intraoperative decision-making. It is relevant to comparing surgical fluorescence platforms, though it is more specialized for margin assessment than broad fluorescence molecular imaging.",no_match,no_match,0,,,"I need to compare fluorescence molecular imaging platforms for surgery and interventions, including the hardware and acquisition settings I should report.",,data/interim/pdfs/Reflect__reporting_guidelines_for_preclinical__translational_and_clinical_fluorescence_molecular_imaging_studies.pdf,fluorescence imaging system | fluorescence camera | FMI system | fluorescence-guided surgery system,intraoperative fluorescence imaging system | fluorescence molecular imaging system | fluorescence-guided surgery system | fluorescence imaging system | fluorescence camera | FMI system,fluorescence camera | near-infrared fluorescence imaging system | endoscopic fluorescence imaging system | fluorescence imaging system | FMI system | fluorescence-guided surgery system,RGB camera | standard surgical light source | white light camera,mass spectrometer | CT scanner | confocal microscope,
reranking_papers,fmi_system,broad_diagnostic,literature_supported_inventory_uncertain,completed,,1.0,4.0,head-mounted fluorescence-guided surgery device,head mounted fluorescence guided surgery device,wearable imaging system,acceptable_alternative,0.76,1.0,1.0,wearable FGS device | head-mounted imaging device,real-time intraoperative images | hands-free navigation visualization,"The chunk explicitly identifies head-mounted devices for fluorescence-guided surgery and emphasizes their use in the operating room. The evidence is more general than a specific instrument description, but it is still a physical platform relevant to the query.",no_match,no_match,0,,,"I need to compare fluorescence molecular imaging platforms for surgery and interventions, including the hardware and acquisition settings I should report.",,data/interim/pdfs/Reflect__reporting_guidelines_for_preclinical__translational_and_clinical_fluorescence_molecular_imaging_studies.pdf,fluorescence imaging system | fluorescence camera | FMI system | fluorescence-guided surgery system,intraoperative fluorescence imaging system | fluorescence molecular imaging system | fluorescence-guided surgery system | fluorescence imaging system | fluorescence camera | FMI system,fluorescence camera | near-infrared fluorescence imaging system | endoscopic fluorescence imaging system | fluorescence imaging system | FMI system | fluorescence-guided surgery system,RGB camera | standard surgical light source | white light camera,mass spectrometer | CT scanner | confocal microscope,
reranking_papers,osc_morphology_giwaxs,specific,paper_grounded_local_candidate,completed,,1.0,1.0,grazing-incidence wide-angle X-ray scattering,grazing incidence wide angle x ray scattering,X-ray scattering instrument,best_match,0.98,1.0,1.0,GIWAXS | wide-angle X-ray scattering,molecular packing features | order/crystallinity/orientation information,The query asks specifically about active-layer packing; the chunks explicitly state that GIWAXS revealed molecular packing features and increase in order of molecular packing. This is the most direct physical instrument for verifying packing changes in organic solar-cell blend films.,must_have_or_best_match,must_have,3,GIWAXS,GIWAXS,I need to verify whether adding a fullerene additive has changed the active-layer packing and phase segregation in an organic solar-cell blend. What physical instrument should I use?,10.1039/d0ee00714e,data/interim/pdfs/15_34__efficiency_all-small-molecule_organic_solar_cells_with_an_improved_fill_factor_enabled_by_a_fullerene_additive.pdf,grazing-incidence X-ray scattering system | GIWAXS | GISAXS | grazing incident X-ray scattering,grazing-incidence wide-angle X-ray scattering system | GIWAXS setup | grazing-incidence X-ray scattering setup | grazing-incidence X-ray scattering system | GIWAXS | GISAXS | grazing incident X-ray scattering,GISAXS setup | grazing-incidence small-angle X-ray scattering system,atomic force microscope | transmission electron microscope,cyclic voltammetry system | ellipsometer | transient photocurrent measurement setup,
reranking_papers,osc_morphology_giwaxs,specific,paper_grounded_local_candidate,completed,,1.0,2.0,X-ray scattering,x ray scattering,X-ray scattering instrument,acceptable_alternative,0.92,1.0,1.0,in situ X-ray scattering | ex situ X-ray scattering | synchrotron X-ray scattering,morphology evolution | stacking structure | phase separation structure,"The chunks explicitly describe in situ and ex situ X-ray scattering as a way to probe morphology evolution, superior molecular stacking structure, and appropriate phase separation structure. This is highly relevant to the user's question, though GIWAXS is the more specific and directly named packing-oriented technique in the evidence.",must_have_or_best_match,must_have,3,X-ray scattering,grazing-incidence X-ray scattering system,I need to verify whether adding a fullerene additive has changed the active-layer packing and phase segregation in an organic solar-cell blend. What physical instrument should I use?,10.1039/d0ee00714e,data/interim/pdfs/15_34__efficiency_all-small-molecule_organic_solar_cells_with_an_improved_fill_factor_enabled_by_a_fullerene_additive.pdf,grazing-incidence X-ray scattering system | GIWAXS | GISAXS | grazing incident X-ray scattering,grazing-incidence wide-angle X-ray scattering system | GIWAXS setup | grazing-incidence X-ray scattering setup | grazing-incidence X-ray scattering system | GIWAXS | GISAXS | grazing incident X-ray scattering,GISAXS setup | grazing-incidence small-angle X-ray scattering system,atomic force microscope | transmission electron microscope,cyclic voltammetry system | ellipsometer | transient photocurrent measurement setup,
reranking_papers,pcm_multiple_events,method_selection,literature_supported_inventory_uncertain,completed,,1.0,1.0,Atom probe tomography system,atom probe tomography system,surface analysis / mass spectrometry imaging instrument,best_match,0.99,1.0,3.0,APT | atom probe tomography | atom probe,probability of multiple events (PME) | probability of molecular ions (PMI) | correlation histograms | ion flight times / mass-to-charge information | chemical identity | atomic-scale composition,This is the directly described technique used to reveal unusual bond-breaking and high multiple-event probabilities in crystalline chalcogenides. It is the best match for testing whether a crystalline chalcogenide shows the reported metavalent-like field evaporation behavior.,must_have_or_best_match,must_have,3,Atom probe tomography system,atom probe tomography,"I want to test whether a crystalline chalcogenide shows the unusual bond-breaking behavior reported for metavalent materials, especially the high fraction of multiple-ion events during field evaporation.",,data/interim/pdfs/Chalcogenides_by_Design__Functionality_through_Metavalent_Bonding_and_Confinement.pdf,atom probe tomography | APT | 3D atom probe,laser-assisted atom probe tomography | atom probe tomography | APT | 3D atom probe | laser APT | laser atom probe,3D atom probe | field ion microscopy | atom probe tomography | APT,transmission electron microscope | scanning electron microscope,X-ray diffractometer | differential scanning calorimeter | electrical conductivity meter,
reranking_papers,pef_barrier_measurement,broad_diagnostic,literature_supported_inventory_uncertain,completed,,1.0,1.0,oxygen transmission rate tester,oxygen transmission rate tester,gas barrier analyzer,best_match,0.99,1.0,1.0,OTR measurement setup | oxygen barrier measurement system | oxygen permeability tester,oxygen transmission rate (OTR) | oxygen permeability,"The query asks for direct measurements of oxygen barrier performance to compare PEF against PET. The chunks explicitly discuss oxygen transmission rate (OTR) measurements of PEF, PET, and multilayer films, making this the most directly relevant equipment.",must_have_or_best_match,best_match,3,oxygen permeability tester,oxygen permeability tester,"I need to compare a new PEF film against PET because the packaging team says oxygen and CO2 barrier performance is the key differentiator, but we need direct measurements to confirm it.",,data/interim/pdfs/A_Perspective_on_PEF_Synthesis__Properties__and_End-Life.pdf,gas permeability analyzer | permeation tester | gas permeameter,oxygen permeability tester | carbon dioxide permeability tester | gas permeability analyzer | permeation tester | gas permeameter | O2 permeation tester | CO2 permeation tester,gas sorption analyzer | manometric gas permeameter,DSC | tensile tester,NIR sorter | LC-MS/MS,
reranking_papers,pef_barrier_measurement,broad_diagnostic,literature_supported_inventory_uncertain,completed,,1.0,2.0,carbon dioxide permeability measurement system,carbon dioxide permeability measurement system,gas permeability analyzer,best_match,0.95,1.0,2.0,CO2 barrier test setup | CO2 transmission/permeation tester | CO2 permeability tester,CO2 solubility | CO2 diffusion coefficient | CO2 permeability,"The query specifically requires direct CO2 barrier measurements. One abstract explicitly states that CO2 solubility/diffusion coefficients were investigated, and another abstract reports experimental transport properties of carbon dioxide in PEF and related films.",must_have_or_best_match,must_have,3,CO2 transmission/permeation tester,permeation tester,"I need to compare a new PEF film against PET because the packaging team says oxygen and CO2 barrier performance is the key differentiator, but we need direct measurements to confirm it.",,data/interim/pdfs/A_Perspective_on_PEF_Synthesis__Properties__and_End-Life.pdf,gas permeability analyzer | permeation tester | gas permeameter,oxygen permeability tester | carbon dioxide permeability tester | gas permeability analyzer | permeation tester | gas permeameter | O2 permeation tester | CO2 permeation tester,gas sorption analyzer | manometric gas permeameter,DSC | tensile tester,NIR sorter | LC-MS/MS,
reranking_papers,pef_barrier_measurement,broad_diagnostic,literature_supported_inventory_uncertain,completed,,1.0,3.0,gas barrier permeation measurement system,gas barrier permeation measurement system,permeation analyzer,acceptable_alternative,0.74,1.0,2.0,gas permeability tester | gas transmission analyzer,gas transmission rate | permeability,"The chunks show experimental assessment of permeation performance for gas barrier properties, but do not name a single dedicated combined O2/CO2 instrument. This category is still relevant if the goal is direct barrier testing of films.",no_match,no_match,0,,,"I need to compare a new PEF film against PET because the packaging team says oxygen and CO2 barrier performance is the key differentiator, but we need direct measurements to confirm it.",,data/interim/pdfs/A_Perspective_on_PEF_Synthesis__Properties__and_End-Life.pdf,gas permeability analyzer | permeation tester | gas permeameter,oxygen permeability tester | carbon dioxide permeability tester | gas permeability analyzer | permeation tester | gas permeameter | O2 permeation tester | CO2 permeation tester,gas sorption analyzer | manometric gas permeameter,DSC | tensile tester,NIR sorter | LC-MS/MS,
reranking_papers,small_vesicle_nanomech,method_selection,literature_supported_inventory_uncertain,completed,,1.0,1.0,Atomic force microscope,atomic force microscope,force microscopy / nanoindentation instrument,best_match,0.99,1.0,3.0,AFM | AFM nanoindentation | atomic force microscopy | AFM force curve,bending rigidity | bending modulus | stiffness | spring constant | force-indentation curves,The chunks explicitly state that AFM is the only method to reliably collect mechanical information from submicroscopic vesicles and that AFM nanoindentation can measure rigidity in submicrometer-sized vesicles. It is directly suitable for submicrometer extracellular vesicles and small liposomes.,must_have_or_best_match,must_have,3,Atomic force microscope,atomic force microscope,I have submicrometer extracellular vesicles and small liposomes and need a physical instrument that can measure their stiffness or bending rigidity without relying on optical observation alone.,,data/interim/pdfs/Active_probing_of_the_mechanical_properties_of_biological_and_synthetic_vesicles.pdf,atomic force microscope | AFM,AFM nanoindentation setup | PeakForce AFM | atomic force microscope | AFM | force spectroscopy AFM | nanoindentation AFM | PeakForce tapping,jumping mode AFM | quantitative imaging AFM,fluorescence microscope | high-speed AFM,micropipette aspiration setup | optical tweezers setup | electrodeformation setup,
reranking_papers,sr3fe2o7_neutron_diffraction_setup,specific,paper_grounded_local_candidate,completed,,1.0,1.0,DMC constant-wavelength neutron diffractometer,dmc constant wavelength neutron diffractometer,neutron diffractometer,best_match,0.98,1.0,2.0,DMC diffractometer | DMC,magnetic Bragg scattering / reflections | reciprocal-space maps | diffuse magnetic scattering,This instrument is explicitly described as being used for single-crystal neutron diffraction experiments that map reciprocal space and identify magnetic Bragg scattering. That directly matches the query about the diffraction setup used after field cooling.,must_have_or_best_match,best_match,3,DMC constant-wavelength neutron diffractometer,neutron diffractometer,I need to determine magnetic Bragg reflections and reciprocal-space maps for a single-crystal magnetic material after field cooling. What physical instrument/setup was used for the diffraction measurement?,10.1038/s41535-024-00698-4,data/interim/pdfs/Reentrant_multiple-q_magnetic_order_and_a__spin_meta-cholesteric__phase_in_Sr3Fe2O7.pdf,ZEBRA diffractometer | ZEBRA,single-crystal neutron diffractometer | neutron diffractometer | ZEBRA diffractometer | ZEBRA,ZEBRA | single-crystal neutron diffraction setup | ZEBRA diffractometer,2D-detector neutron diffraction setup | vertical focusing neutron diffraction setup,triple-axis spectrometer | time-of-flight spectrometer | vibrating-sample magnetometer,
reranking_papers,sr3fe2o7_neutron_diffraction_setup,specific,paper_grounded_local_candidate,completed,,1.0,2.0,D10 single-crystal neutron diffractometer,d10 single crystal neutron diffractometer,neutron diffractometer,acceptable_alternative,0.84,1.0,1.0,D10 diffractometer,single-crystal diffraction intensities | Bragg reflections | magnetic structure information,"The chunk explicitly states that single-crystal diffraction was performed on D10 with a 2D microstrip detector. It is relevant to diffraction of magnetic single crystals, though the provided text does not explicitly mention reciprocal-space mapping as clearly as the DMC description.",must_have_or_best_match,best_match,3,D10 single-crystal neutron diffractometer,single-crystal neutron diffractometer,I need to determine magnetic Bragg reflections and reciprocal-space maps for a single-crystal magnetic material after field cooling. What physical instrument/setup was used for the diffraction measurement?,10.1038/s41535-024-00698-4,data/interim/pdfs/Reentrant_multiple-q_magnetic_order_and_a__spin_meta-cholesteric__phase_in_Sr3Fe2O7.pdf,ZEBRA diffractometer | ZEBRA,single-crystal neutron diffractometer | neutron diffractometer | ZEBRA diffractometer | ZEBRA,ZEBRA | single-crystal neutron diffraction setup | ZEBRA diffractometer,2D-detector neutron diffraction setup | vertical focusing neutron diffraction setup,triple-axis spectrometer | time-of-flight spectrometer | vibrating-sample magnetometer,
reranking_papers,sr3fe2o7_neutron_diffraction_setup,specific,paper_grounded_local_candidate,completed,,1.0,3.0,D3 spin-polarized neutron diffractometer,d3 spin polarized neutron diffractometer,polarized neutron diffractometer,supporting_but_not_ideal,0.79,1.0,1.0,D3 diffractometer | spin polarized diffractometer D3,polarized neutron intensity asymmetries | accessible Bragg reflections,"This is clearly a diffraction instrument for magnetic single-crystal measurements, but the provided text emphasizes polarized Bragg reflection asymmetries rather than reciprocal-space mapping. It is related but not the clearest match to the user’s requested setup.",must_have_or_best_match,best_match,3,D3 spin-polarized neutron diffractometer,neutron diffractometer,I need to determine magnetic Bragg reflections and reciprocal-space maps for a single-crystal magnetic material after field cooling. What physical instrument/setup was used for the diffraction measurement?,10.1038/s41535-024-00698-4,data/interim/pdfs/Reentrant_multiple-q_magnetic_order_and_a__spin_meta-cholesteric__phase_in_Sr3Fe2O7.pdf,ZEBRA diffractometer | ZEBRA,single-crystal neutron diffractometer | neutron diffractometer | ZEBRA diffractometer | ZEBRA,ZEBRA | single-crystal neutron diffraction setup | ZEBRA diffractometer,2D-detector neutron diffraction setup | vertical focusing neutron diffraction setup,triple-axis spectrometer | time-of-flight spectrometer | vibrating-sample magnetometer,
reranking_papers,subcellular_lipid_map,broad_diagnostic,,completed,,,,,,,,,,,,,,no_equipment_returned,,0,,,,,,,,,,,
reranking_papers,summit-noci-001,specific,paper_grounded_local_candidate,completed,,1.0,1.0,Oak Ridge Leadership Computing Facility (OLCF) high-performance computing system,oak ridge leadership computing facility olcf high performance computing system,high-performance computing system,best_match,0.96,1.0,1.0,OLCF resources | Oak Ridge National Laboratory computing resources | massively parallel computer architectures | distributed memory massively parallel and GPU-accelerated computer architectures,matrix elements | NOCI results | energies | performance/scaling results,"The chunks explicitly state that GronOR is designed for and executed on distributed memory massively parallel GPU-accelerated computer architectures, and that the work used resources of the Oak Ridge Leadership Computing Facility. This is the physical computing system relevant to running the matrix-element calculations.",supporting_but_not_ideal,supporting_but_not_ideal,1,Oak Ridge Leadership Computing Facility (OLCF) high-performance computing system,Oak Ridge Leadership Computing Facility,Which physical computing system did the authors use to run the GronOR nonorthogonal configuration interaction matrix-element calculations?,10.1021/acs.jctc.9b01144,data/interim/pdfs/Reduced_Common_Molecular_Orbital_Basis_for_Nonorthogonal_Configuration_Interaction.pdf,,,Summit,Oak Ridge Leadership Computing Facility,GAMESS-UK package | GronOR code | GPU cluster,
reranking_papers,tdEV_identity_multimodal,method_selection,literature_supported_inventory_uncertain,completed,,1.0,1.0,Raman spectrometer,raman spectrometer,spectroscopic imaging system,best_match,0.99,1.0,2.0,Raman spectroscopy | Raman imaging,chemical fingerprint | molecular composition | lipid/protein vibrational bands,"Explicitly used in the multimodal platform to obtain the chemical fingerprint of extracellular vesicles. This directly addresses chemical identity, though it is not a morphology/deformability tool by itself.",no_match,no_match,0,,,"I have captured extracellular vesicles on a functionalized substrate and want to confirm their morphology, size, deformability, and chemical identity rather than relying on a single readout. What instrument setup should I use?",,data/interim/pdfs/Cancer-id__Toward_identification_of_cancer_by_tumor-derived_extracellular_vesicles_in_blood.pdf,AFM-SEM-Raman setup | correlative AFM-SEM-Raman platform,"correlative AFM, SEM, and Raman microscope setup | multimodal AFM/SEM/Raman instrument | AFM-SEM-Raman setup | correlative AFM-SEM-Raman platform | correlative microscopy platform",AFM plus SEM plus Raman microspectroscopy | correlative microscopy platform | multimodal AFM/SEM/Raman instrument,TEM | Raman microscope | atomic force microscope,flow cytometer | NTA | DSC,
reranking_papers,tdEV_identity_multimodal,method_selection,literature_supported_inventory_uncertain,completed,,1.0,2.0,atomic force microscope,atomic force microscope,scanning probe microscope,best_match,0.99,1.0,1.0,AFM,morphology/topography | size and size distribution | surface mechanical/deformation response,Explicitly used in the multimodal EV platform alongside SEM and Raman. AFM is the only instrument named that can directly help with morphology and deformability/size-related surface measurements on captured vesicles.,supporting_but_not_ideal,supporting_but_not_ideal,1,atomic force microscope,atomic force microscope,"I have captured extracellular vesicles on a functionalized substrate and want to confirm their morphology, size, deformability, and chemical identity rather than relying on a single readout. What instrument setup should I use?",,data/interim/pdfs/Cancer-id__Toward_identification_of_cancer_by_tumor-derived_extracellular_vesicles_in_blood.pdf,AFM-SEM-Raman setup | correlative AFM-SEM-Raman platform,"correlative AFM, SEM, and Raman microscope setup | multimodal AFM/SEM/Raman instrument | AFM-SEM-Raman setup | correlative AFM-SEM-Raman platform | correlative microscopy platform",AFM plus SEM plus Raman microspectroscopy | correlative microscopy platform | multimodal AFM/SEM/Raman instrument,TEM | Raman microscope | atomic force microscope,flow cytometer | NTA | DSC,
reranking_papers,tdEV_identity_multimodal,method_selection,literature_supported_inventory_uncertain,completed,,1.0,3.0,scanning electron microscope,scanning electron microscope,electron microscope,best_match,0.98,1.0,1.0,SEM,morphology | particle distribution | size/shape,"Explicitly reported for single-EV multimodal characterization and for visualizing the particle distribution. Strong for morphology and size, but not chemical identity or deformability.",no_match,no_match,0,,,"I have captured extracellular vesicles on a functionalized substrate and want to confirm their morphology, size, deformability, and chemical identity rather than relying on a single readout. What instrument setup should I use?",,data/interim/pdfs/Cancer-id__Toward_identification_of_cancer_by_tumor-derived_extracellular_vesicles_in_blood.pdf,AFM-SEM-Raman setup | correlative AFM-SEM-Raman platform,"correlative AFM, SEM, and Raman microscope setup | multimodal AFM/SEM/Raman instrument | AFM-SEM-Raman setup | correlative AFM-SEM-Raman platform | correlative microscopy platform",AFM plus SEM plus Raman microspectroscopy | correlative microscopy platform | multimodal AFM/SEM/Raman instrument,TEM | Raman microscope | atomic force microscope,flow cytometer | NTA | DSC,
reranking_papers,tmd_spin_valley_laser,method_selection,literature_supported_inventory_uncertain,completed,,1.0,1.0,polarization-resolved photoluminescence spectroscopy system,polarization resolved photoluminescence spectroscopy system,optical spectroscopy / polarization analysis system,best_match,0.97,1.0,1.0,circularly polarized magneto-photoluminescence setup | polarization-resolved PL measurement system | PL spectroscopy with circular polarization analysis,photoluminescence spectrum | circular polarization degree / helicity | valley polarization contrast,"The chunks explicitly state that the degree of valley polarization is measured through the circular polarization of the emitted photoluminescence, and that angle- and polarization-resolved measurements are used to assess emitted light. This is the most direct instrument family for checking circularly polarized emission and spin-valley selectivity in a TMD laser experiment.",no_match,no_match,0,,,I am trying to build a TMD laser experiment where I can check for circularly polarized emission and spin-valley selectivity. What instrument family should I use to characterize the emitted light?,,data/interim/pdfs/Atomically_thin_transition_metal_dichalcogenide_nanolasers__Challenges_and_opportunities.pdf,polarization-resolved optical microscope | polarization microscope | polarization-resolved microscope,polarization-resolved PL setup | polarimeter | Stokes polarimetry setup | polarization-resolved optical microscope | polarization microscope | polarization-resolved microscope | PL polarimetry setup | Stokes polarimeter,confocal microscope with polarization optics | spectropolarimeter,beam profiler,SEM | AFM,
